id,ScriptKr,ScriptEn,ScriptJp,ScriptCn
0,  ,,,
1,Game Start,Game Start,,
2,Load Game,Load Game,,
3,Setting,Setting,,
4,Exit,Exit,,
5,New Game,New Game,,
6,데미안,Damian,,
7,-경고-\n\n문 너머로 위험한 기운이 느껴진다.\n들어가시겠습니까?,-Warning-\n\nA dangerous aura is felt beyond the door.\nWould you like to go in?,,
8,[ 마검 계약 ]\n계약자는 이 순간부로 마검 [에고 소드] 계약을 체결한다.\n이 계약을 통해^ 계약자는 마검의 강력한 힘을 손에 넣을 것이며^\n그 대가로 계약자의 영혼과 생명은 마검에게 귀속됨을 인정한다.\n\n◀마검의 힘▶\n계약자는 마검의 힘을 사용할 수 있는 권한을 얻는다.\n그러나 이 힘은 마검의 의지에 따라 부여되며^\n그 결과는 계약자의 책임이다.\n◀영혼의 귀속▶\n이 계약이 체결되는 순간부터^ 나의 영혼은 마검에게 속하게 되며^\n나의 존재는 마검의 영원한 동반자가 된다.\n◀힘의 대가▶\n계약자는 마검의 힘을 자유롭게 사용할 수 있으며^\n그 대가로 마물의 마력과 무기를 에고 소드에게 받친다.\n◀파기 불가▶\n계약은 육신과 영혼이 파괴되기 전까지 영원히 지속된다.\n◀서약▶\n계약자는 이 계약의 모든 내용을 숙지하였으며^\n자유의지로 서명함으로써^ 내용을 성실히 이행할 것이다.,[Demon Sword Contract]\nThe contractor enters into a contract with the Demon Sword [Ego Sword] from this moment on.\nThrough this contract^ the contractor will obtain the great power of the Demon Sword^\nIn return^ the contractor acknowledges that his soul and life will belong to the Demon Sword.,,
9,계속하기,Continue,,
10,설정,Settings,,
11,언어,Language,,
12,게임 종료,Exit Game,,
13,화면,Screen,,
14,전체 화면,Full Screen,,
15,창 모드,Window Mode,,
16,전체 창 모드,Full Window Mode,,
17,소리,Sound,,
18,전체 음량,Full Volume,,
19,배경음,Background Sound,,
20,효과음,Sound Effects,,
21,몬스터에 부딪치면 전투가 시작됩니다!,When you hit a monster^ the battle begins!,,
22,음식과 물약을 획득하면 체력이 회복 됩니다!,Get food and potions to restore your health!,,
23,열쇠와 같은 색깔의 문을 열 수 있습니다!,You can open doors of the same color as the key!,,
24,특정 기믹을 해제하여 나아가세요!,Unlock certain gimmicks to advance!,,
100,공격력,Attack Power,,
101,방어력,Defense Power,,
102,체력,Health,,
103,치명 확률,Critical Chance,,
104,치명 공격력,Critical Attack Power,,
105,레벨,Level,,
106,공격 속도,Attack Speed,,
107,방어 속도,Defense Speed,,
108,이동 속도,Movement Speed,,
109,초록 열쇠,Green Key,,
110,노랑 열쇠,Yellow Key,,
111,붉은 열쇠,Red Key,,
112,사과,Apple,,
113,고기,Meat,,
114,소형 물약,Small Potion,,
115,중형 물약,Medium Potion,,
116,대형 물약,Large Potion,,
117,축복 물약,Blessing Potion,,
118,공격 룬,Attack Rune,,
119,방어 룬,Defense Rune,,
120,체력 룬,Health Rune,,
121,초록 빛이 감도는 청동 열쇠.\n닫힌 초록색 문에 사용할 수 있을 것 같다.,A bronze key with a green glow.\nIt seems like it could be used on closed green doors.,,
122,노랑 빛이 감도는 황동 열쇠.\n닫힌 노랑색 문에 사용할 수 있을 것 같다.,A brass key with a yellow glow.\nIt seems like it could be used on closed yellow doors.,,
123,붉은 빛이 감도는 구리 열쇠.\n닫힌 붉은색 문에 사용할 수 있을 것 같다.,A copper key with a red glow.\nIt seems like it could be used on closed red doors.,,
124,빨갛게 잘 익은 사과.\n약간의 허기를 채워주어\n기운을 북돋아 주는 것 같다.\n체력회복 <color=#00FF7F><b>+20%</b></color>,A ripe red apple.\nIt seems to fill a little hunger\nand boost energy.\nRecovers stamina <color=#00FF7F><b>+20%</b></color>,,
125,두툼한 고기 조각.\n배고픔에 지친 모험가에게\n힘이 나게 해준다.\n체력회복 <color=#00FF7F><b>+30%</b></color>,A thick piece of meat.\nIt gives strength to adventurers who are exhausted from hunger.\nRecovers stamina <color=#00FF7F><b>+30%</b></color>,,
126,작은 병에 담긴 물약.\n흔한 약초를 달여 만들었지만\n빠르게 체력을 회복시켜준다..\n체력회복 <color=#00FF7F><b>+40%</b></color>,"""A potion in a small bottle.\nIt is made by boiling common herbs","\nbut it quickly restores stamina..\nRecovers stamina <color=#00FF7F><b>+40%</b></color>""",
127,넉넉한 병에 담긴 물약.\n비싼 약초가 사용되어 비싸게 거래된다.\n지친 모험가도 즉시 회복시켜줄 수 있다..\n체력회복 <color=#00FF7F><b>+50%</b></color>,A potion in a generous bottle.\nIt is traded at a high price because it uses expensive herbs.\nIt can instantly restore even exhausted adventurers..\nRecovers stamina <color=#00FF7F><b>+50%</b></color>,,
128,귀한 약초로 약사가 특별하게 제조하여\n실신한 사람도 벌떡 일어나게 만든다..\n체력회복 <color=#00FF7F><b>+70%</b></color>,A rare herb that the pharmacist Specially made\nIt makes even the fainted stand up..\nRecovers stamina <color=#00FF7F><b>+70%</b></color>,,
129,신비로운 빛이 나는 물약.\n죽은 사람도 살린다는 기적의 물약으로\n제조법을 찾기 위한 약사들이 앞다퉈 연구 중이다..\n체력회복 <color=#00FF7F><b>+100%</b></color>,A potion with a mysterious glow.\nIt is a miraculous potion that can even revive the dead.\nPharmacists are racing to find the recipe..\nRecovers stamina <color=#00FF7F><b>+100%</b></color>,,
130,파괴의 힘이 담긴 마석.\n마법으로 새겨진 고대 문자가 빛나고 있다.\n내면에서 파괴의 힘이 솟아난다.,A magic stone with the power of destruction.\nAncient letters engraved with magic are shining.\nThe power of destruction rises from within.,,
131,인내의 힘이 담긴 마석.\n마법으로 새겨진 고대 문자가 빛나고 있다.\n내면에서 인내의 힘이 솟아난다.,A magic stone with the power of endurance.\nAncient letters engraved with magic are shining.\nThe power of endurance rises from within.,,
132,생명의 힘이 담긴 마석.\n마법으로 새겨진 고대 문자가 빛나고 있다.\n내면에서 생명의 힘이 솟아난다.,A magic stone with the power of life.\nAncient letters engraved with magic are shining.\nThe power of life rises from within.,,
133,예상 피해,Expected damage,予想ダメージ,预计伤害
134,쓰러진다,You will fall,倒れます,将会倒下
135,못 이긴다,Cannot win,勝てません,无法获胜
140,게임 시작,Start game,ゲーム開始,开始游戏
141,새 게임,New game,ニューゲーム,新游戏
142,이어하기,Continue,つづきから,继续游戏
143,아무 키나 누르세요,Press any key,何かキーを押してください,请按任意键
144,불러오지 못했습니다. Enter: 재시도 / Esc: 종료,Loading failed. Enter: retry / Esc: quit,読み込めませんでした。Enter：再試行 / Esc：終了,加载失败。Enter：重试 / Esc：退出
145,저장을 복구하지 못했습니다. 원본은 보존됩니다. 아무 키나 눌러 돌아가세요.,Could not restore your save. The original is preserved. Press any key to return.,セーブを復元できませんでした。元のデータは保持されます。何かキーを押して戻ります。,无法恢复存档。原始存档已保留。请按任意键返回。
146,둘 중 하나를 얻으면 다른 보상은 사라집니다.,Taking one reward removes the other.,片方を取ると、もう片方の報酬は消えます。,领取一个奖励后，另一个奖励将消失。
147,지금 마시면 {0} 이 넘쳐 사라집니다.,Drinking now wastes {0} HP.,今飲むと {0} が溢れて失われます。,现在饮用将溢出 {0} 点生命。
4000,워프석 반지,Warpstone Ring,,
4001,워프석이 박힌 반지.\n워프 장치와 공명을 일으켜 워프 시스템을 활성화시킨다.,A ring with a warpstone.\nIt resonates with the warp device and activates the warp system.,,
4002,레인저 부츠,Ranger Boots,,
4003,스피리트 윈드 부츠,Spirit Wind Boots,,
4004,엔젤 윙 부츠,Angel Wing Boots,,
4005,타르타로스 부츠,Tartaros Boots,,
4006,활동성이 보장된 부츠.\n가벼운 발걸음을 선사하여 이동 속도를 증가시켜준다.,Boots with guaranteed mobility.\nIt increases movement speed by giving you a light step.,,
4007,바람의 정령이 깃든 부츠.\n바람의 마법으로 매우 가볍게 이동할 수 있다.,Boots imbued with the spirit of the wind.\nYou can move very lightly with the magic of the wind.,,
4008,천사의 날개가 달린 부츠.\n고귀한 천사의 날개가 원하는 곳으로 인도한다.,Boots with angel wings.\nThe wings of a noble angel will lead you to where you want to go.,,
4009,심연의 명계 타르타로스의 부츠.\n걷지 않아도 알아서 움직이며^ 그 속도는 차원을 달리한다.,"""Boots of Tartarus"," the abyssal realm.\nYou don`t have to walk to move on your own^ and the speed is on a different level.""",
4010,모래시계 목걸이,Sandglass Necklace,,
4011,에온의 고리,Aeon`s Ring,,
4012,키르케의 시계추,Circe`s Pendulum,,
4013,크로노스의 시계,Cronus`s Clock,,
4014,마법의 모래시계로 만든 목걸이.\n시간의 흐름을 이용하여 전투 시간을 앞당긴다.,A necklace made from a magic hourglass.\nUtilizes the flow of time to advance battle time.,,
4015,시간 여행자인 에온의 고리로 만든 목걸이.\n시간의 흐름을 제어하여 전투 시간을 신속하게 앞당긴다.,A necklace made from the ring of the time traveler Aeon.\nControls the flow of time to quickly advance battle time.,,
4016,마녀 키르케의 시계추로 만든 목걸이.\n시간의 흐름을 변형시켜 전투시간을 빠르게 앞당긴다.,A necklace made from the pendulum of the witch Circe.\nDistorts the flow of time to quickly advance battle time.,,
4017,시간의 신 크로노스의 시계로 만든 목걸이.\n시간의 흐름을 재구축하여 전투시간을 급격하게 앞당긴다.,"""A necklace made from the clock of the god of time"," Kronos.\nReconstructs the flow of time to rapidly advance battle time.""",
4018,에고소드,Ego Sword,,
4019,애페스티온,Aphestion,,
4020,발레폰트,Ballet Font,,
4021,루나리스,Lunaris,,
4022,드라코닉스,Draconix,,
4023,드라코닉스,Draconix,,
4024,엑스칼리버,Excalibur,,
4025,피닉시아,Phoenixia,,
4026,라이타니온,Raitanion,,
4027,움브라노크스,Umbranox,,
4028,라그나브레이크,Ragnar Break,,
4029,자아를 가진 마검\n검을 먹고 강해지며^ 그 힘을 이용할 수 있다.\n다만^ 계약을 통해서만 사용할 수 있는 전설의 마검.,A magical sword with an ego\nEat the sword to become stronger^ and use its power.\nHowever^ A legendary magical sword that can only be used through a contract.,,
4030,기도의 검\n신성한 임무를 수행하기 위해 고대 사제가 제작한 검으로^\n사용자에게 기본적인 보호와 축복을 내린다.,Sword of Prayer\nA sword made by an ancient priest to perform a sacred mission^\nIt grants the user basic protection and blessings.,,
4031,영웅의 검\n100년 전^ 마을을 괴롭히던 괴물을 무찌르고\n그 영웅의 이름을 따서 불리게 되었다.,Sword of Hero\n100 years ago^ It was named after the hero who defeated the monster that was plaguing the village.,,
4032,달의 검\n달의 여신이 마물을 물리치기 위해^\n달빛이 깃든 은으로 만든 성스러운 검이다.,Sword of the Moon\nA sacred sword made of silver imbued with moonlight by the goddess of the moon to defeat the monsters.,,
4033,용의 검\n고대의 용의 이빨로 만들어져^ 용의 불꽃을\n내뿜을 수 있는 전설적인 용 사냥꾼의 무기이다.,"""Dragon Sword\nMade from the teeth of an ancient dragon","^ a legendary dragon hunter`s weapon that can breathe dragon flames\n.""",
4034,마법의 검\n정체불명의 마법이 깃든 보석이 박혀 있어^\n사용자의 능력을 증폭시키는 강력한 마법 검이다.,Magic Sword\nA powerful magical sword with a jewel imbued with an unknown magic\nthat amplifies the user`s abilities.,,
4035,빛의 검\n빛의 수호자에 의해 만들어져 어둠의 존재들을\n물리치고 정의를 수호하는 힘을 지녔다.,Light Sword\nMade by the Guardian of Light^ it has the power to defeat dark beings\nand protect justice.,,
4036,부활의 검\n불사조의 깃털로 만들어져^ 사용자가 쓰러져도\n불꽃 속에서 다시 일어날 수 있는 부활의 힘을 지닌다.,Resurrection Sword\nMade from the feathers of the phoenix^ it has the power of resurrection that allows the user to rise again in flames even if they fall.,,
4037,천둥의 검\n천둥신이 내린 벼락으로 단련한 검으로^\n적에게 치명적인 번개의 힘을 가할 수 있다.,Thunder Sword\nA sword forged from the thunderbolts of the god of thunder^ it can inflict deadly lightning power on enemies.,,
4038,저주의 검\n어둠의 심연에서 나온 재료로 만들어져^\n적의 생명력을 흡수하여 사용자를 치유하는 능력을 지녔다.,Curse Sword\nMade from materials from the abyss of darkness^ it has the ability to absorb the life force of enemies and heal the user.,,
4039,절대자의 검\n신들의 전쟁에서 사용된 전설의 검으로^ 그 힘은\n세계를 재구성할 수 있을 정도로 강력하며 다양한 능력을 가지고 있다.,"""Absolute Sword\nA legendary sword used in the war of the gods^ its power\nis powerful enough to reconstruct the world"," and it has various abilities.""",
4040,헌터 실드,Hunter Shield,,
4041,오크나이트 실드,Orc Knight Shield,,
4042,아이언 월,Iron Wall,,
4043,에메랄드 실드,Emerald Shield,,
4044,미스릴 실드,Mithril Shield,,
4045,그리폰 실드,Griffon Shield,,
4046,가디언 실드,Guardian Shield,,
4047,트리톤 실드,Triton Shield,,
4048,쉐도우 실드,Shadow Shield,,
4049,엘드리치 실드,Eldritch Shield,,
4050,야수를 사냥하는 헌터들이 주로 사용하던 방패.\n작고 가벼워 적의 간단한 공격은 막을 수 있다.,A shield mainly used by hunters who hunt wild beasts.\nIt is small and light^ so it can block simple attacks from enemies.,,
4051,오크 전사가 사용하던 방패.\n만듦새는 투박하지만 방어 능력은 보장한다.,A shield used by orc warriors.\nIt is made roughly^ but its defensive capabilities are guaranteed.,,
4052,거대한 철의 벽처럼 단단한 방패.\n어떠한 공격도 막아내며 소유자의 방어력을 극대화한다.,A shield as solid as a giant iron wall.\nIt blocks any attack and maximizes the owner`s defensive capabilities.,,
4053,숲의 정령들의 기운을 머금은 방패.\n자연의 힘으로 상처를 치유하고 보호하는 효과가 있다.,A shield imbued with the energy of forest spirits.\nIt has the effect of healing and protecting wounds with the power of nature.,,
4054,드워프가 신비한 광석^ 미스릴로 만든 방패.\n매우 가벼우면서도 뛰어난 방어력을 자랑한다.,A shield made by dwarves from the mysterious ore^ Mithril.\nIt is very light^ but boasts excellent defensive capabilities.,,
4055,신성한 그리폰의 날개와 갈퀴로 장식된 방패.\n하늘과 땅을 아우르는 기동성과 보호력을 가지고 있다.,A shield decorated with the wings and claws of a sacred griffon.\nIt has mobility and protection that encompasses the sky and the ground.,,
4056,고대 가디언이 사용했던 방패.\n주인에 대한 절대적인 수호를 약속한다.,A shield used by ancient guardians.\nIt promises absolute protection for its owner.,,
4057,바다의 신 트리톤이 사용하던 방패.\n물과 바다의 힘을 가지고 있으며. 신의 가호로 보호한다.,A shield used by Triton^ the god of the sea.\nIt has the power of water and the sea^ and protects with the protection of the god.,,
4058,어둠을 재료로 만들었다는 믿기 힘든 방패.\n소유자는 그림자 속에서 은밀하게 움직일 수 있다고 전해진다.,An incredible shield made of darkness.\nIt is said that the owner can move stealthily in the shadows.,,
4059,언데드 마법사 엘드리치의 힘이 깃든 방패.\n강대한 마력이 휘몰아치고 있어 그에 걸맞은 자가 아니면 사용할 수 없다.,A shield imbued with the power of the undead wizard Eldritch.\nA powerful magical power swirls around^ so only those who are worthy can use it.,,
5000,마물의 숲,Forest of Demons,,
5001,마물의 숲 안쪽,Inside the Forest of Demons,,
5002,잊혀진 숲,Forgotten Forest,,
5003,숲의 유적,Ruins of the Forest,,
5004,가브 마을,Gab Village,,
5005,마물의 숲 6층,Forest of Demons - Floor 6,,
5006,마물의 숲 7층,Forest of Demons - Floor 7,,
5007,마물의 숲 8층,Forest of Demons - Floor 8,,
5008,마물의 숲 9층,Forest of Demons - Floor 9,,
5009,마물의 숲 10층,Forest of Demons - Floor 10,,
5010,마물의 숲 11층,Forest of Demons - Floor 11,,
5011,마물의 숲 12층,Forest of Demons - Floor 12,,
5012,마물의 숲 13층,Forest of Demons - Floor 13,,
5013,마물의 숲 14층,Forest of Demons - Floor 14,,
5014,마물의 숲 15층,Forest of Demons - Floor 15,,
5015,마물의 숲 16층,Forest of Demons - Floor 16,,
5016,마물의 숲 17층,Forest of Demons - Floor 17,,
5017,마물의 숲 18층,Forest of Demons - Floor 18,,
5018,마물의 숲 19층,Forest of Demons - Floor 19,,
5019,마물의 숲 20층,Forest of Demons - Floor 20,,
5020,잊힌 갱도 21층,Forgotten Mine - Floor 21,,
5021,잊힌 갱도 22층,Forgotten Mine - Floor 22,,
5022,잊힌 갱도 23층,Forgotten Mine - Floor 23,,
5023,잊힌 갱도 24층,Forgotten Mine - Floor 24,,
5024,잊힌 갱도 25층,Forgotten Mine - Floor 25,,
5025,잊힌 갱도 26층,Forgotten Mine - Floor 26,,
5026,잊힌 갱도 27층,Forgotten Mine - Floor 27,,
5027,잊힌 갱도 28층,Forgotten Mine - Floor 28,,
5028,잊힌 갱도 29층,Forgotten Mine - Floor 29,,
5029,잊힌 갱도 30층,Forgotten Mine - Floor 30,,
5030,잊힌 갱도 31층,Forgotten Mine - Floor 31,,
5031,잊힌 갱도 32층,Forgotten Mine - Floor 32,,
5032,잊힌 갱도 33층,Forgotten Mine - Floor 33,,
5033,잊힌 갱도 34층,Forgotten Mine - Floor 34,,
5034,잊힌 갱도 35층,Forgotten Mine - Floor 35,,
5035,잊힌 갱도 36층,Forgotten Mine - Floor 36,,
5036,잊힌 갱도 37층,Forgotten Mine - Floor 37,,
5037,잊힌 갱도 38층,Forgotten Mine - Floor 38,,
5038,잊힌 갱도 39층,Forgotten Mine - Floor 39,,
5039,잊힌 갱도 40층,Forgotten Mine - Floor 40,,
5040,무너진 성채 41층,Fallen Citadel - Floor 41,,
5041,무너진 성채 42층,Fallen Citadel - Floor 42,,
5042,무너진 성채 43층,Fallen Citadel - Floor 43,,
5043,무너진 성채 44층,Fallen Citadel - Floor 44,,
5044,무너진 성채 45층,Fallen Citadel - Floor 45,,
5045,무너진 성채 46층,Fallen Citadel - Floor 46,,
5046,무너진 성채 47층,Fallen Citadel - Floor 47,,
5047,무너진 성채 48층,Fallen Citadel - Floor 48,,
5048,무너진 성채 49층,Fallen Citadel - Floor 49,,
5049,무너진 성채 50층,Fallen Citadel - Floor 50,,
5050,무너진 성채 51층,Fallen Citadel - Floor 51,,
5051,무너진 성채 52층,Fallen Citadel - Floor 52,,
5052,무너진 성채 53층,Fallen Citadel - Floor 53,,
5053,무너진 성채 54층,Fallen Citadel - Floor 54,,
5054,무너진 성채 55층,Fallen Citadel - Floor 55,,
5055,무너진 성채 56층,Fallen Citadel - Floor 56,,
5056,무너진 성채 57층,Fallen Citadel - Floor 57,,
5057,무너진 성채 58층,Fallen Citadel - Floor 58,,
5058,무너진 성채 59층,Fallen Citadel - Floor 59,,
5059,무너진 성채 60층,Fallen Citadel - Floor 60,,
5060,잿빛 협곡 61층,Ashen Gorge - Floor 61,,
5061,잿빛 협곡 62층,Ashen Gorge - Floor 62,,
5062,잿빛 협곡 63층,Ashen Gorge - Floor 63,,
5063,잿빛 협곡 64층,Ashen Gorge - Floor 64,,
5064,잿빛 협곡 65층,Ashen Gorge - Floor 65,,
5065,잿빛 협곡 66층,Ashen Gorge - Floor 66,,
5066,잿빛 협곡 67층,Ashen Gorge - Floor 67,,
5067,잿빛 협곡 68층,Ashen Gorge - Floor 68,,
5068,잿빛 협곡 69층,Ashen Gorge - Floor 69,,
5069,잿빛 협곡 70층,Ashen Gorge - Floor 70,,
5070,잿빛 협곡 71층,Ashen Gorge - Floor 71,,
5071,잿빛 협곡 72층,Ashen Gorge - Floor 72,,
5072,잿빛 협곡 73층,Ashen Gorge - Floor 73,,
5073,잿빛 협곡 74층,Ashen Gorge - Floor 74,,
5074,잿빛 협곡 75층,Ashen Gorge - Floor 75,,
5075,잿빛 협곡 76층,Ashen Gorge - Floor 76,,
5076,잿빛 협곡 77층,Ashen Gorge - Floor 77,,
5077,잿빛 협곡 78층,Ashen Gorge - Floor 78,,
5078,잿빛 협곡 79층,Ashen Gorge - Floor 79,,
5079,잿빛 협곡 80층,Ashen Gorge - Floor 80,,
5080,마검의 성 81층,Castle of the Magic Sword - Floor 81,,
5081,마검의 성 82층,Castle of the Magic Sword - Floor 82,,
5082,마검의 성 83층,Castle of the Magic Sword - Floor 83,,
5083,마검의 성 84층,Castle of the Magic Sword - Floor 84,,
5084,마검의 성 85층,Castle of the Magic Sword - Floor 85,,
5085,마검의 성 86층,Castle of the Magic Sword - Floor 86,,
5086,마검의 성 87층,Castle of the Magic Sword - Floor 87,,
5087,마검의 성 88층,Castle of the Magic Sword - Floor 88,,
5088,마검의 성 89층,Castle of the Magic Sword - Floor 89,,
5089,마검의 성 90층,Castle of the Magic Sword - Floor 90,,
5090,마검의 성 91층,Castle of the Magic Sword - Floor 91,,
5091,마검의 성 92층,Castle of the Magic Sword - Floor 92,,
5092,마검의 성 93층,Castle of the Magic Sword - Floor 93,,
5093,마검의 성 94층,Castle of the Magic Sword - Floor 94,,
5094,마검의 성 95층,Castle of the Magic Sword - Floor 95,,
5095,마검의 성 96층,Castle of the Magic Sword - Floor 96,,
5096,마검의 성 97층,Castle of the Magic Sword - Floor 97,,
5097,마검의 성 98층,Castle of the Magic Sword - Floor 98,,
5098,마검의 성 99층,Castle of the Magic Sword - Floor 99,,
5099,마검의 성 100층,Castle of the Magic Sword - Floor 100,,
5101,이끼 낀 지하 묘소 1층,1F,이끼 낀 지하 묘소 1층,이끼 낀 지하 묘소 1층
5102,이끼 낀 지하 묘소 2층,2F,이끼 낀 지하 묘소 2층,이끼 낀 지하 묘소 2층
5103,이끼 낀 지하 묘소 3층,3F,이끼 낀 지하 묘소 3층,이끼 낀 지하 묘소 3층
5104,이끼 낀 지하 묘소 4층,4F,이끼 낀 지하 묘소 4층,이끼 낀 지하 묘소 4층
5105,이끼 낀 지하 묘소 5층,5F,이끼 낀 지하 묘소 5층,이끼 낀 지하 묘소 5층
5106,이끼 낀 지하 묘소 6층,6F,이끼 낀 지하 묘소 6층,이끼 낀 지하 묘소 6층
5107,이끼 낀 지하 묘소 7층,7F,이끼 낀 지하 묘소 7층,이끼 낀 지하 묘소 7층
5108,이끼 낀 지하 묘소 8층,8F,이끼 낀 지하 묘소 8층,이끼 낀 지하 묘소 8층
5109,이끼 낀 지하 묘소 9층,9F,이끼 낀 지하 묘소 9층,이끼 낀 지하 묘소 9층
5110,이끼 낀 지하 묘소 10층,10F,이끼 낀 지하 묘소 10층,이끼 낀 지하 묘소 10층
5111,이끼 낀 지하 묘소 11층,11F,이끼 낀 지하 묘소 11층,이끼 낀 지하 묘소 11층
5112,이끼 낀 지하 묘소 12층,12F,이끼 낀 지하 묘소 12층,이끼 낀 지하 묘소 12층
5113,이끼 낀 지하 묘소 13층,13F,이끼 낀 지하 묘소 13층,이끼 낀 지하 묘소 13층
5114,이끼 낀 지하 묘소 14층,14F,이끼 낀 지하 묘소 14층,이끼 낀 지하 묘소 14층
5115,이끼 낀 지하 묘소 15층,15F,이끼 낀 지하 묘소 15층,이끼 낀 지하 묘소 15층
5116,이끼 낀 지하 묘소 16층,16F,이끼 낀 지하 묘소 16층,이끼 낀 지하 묘소 16층
5117,이끼 낀 지하 묘소 17층,17F,이끼 낀 지하 묘소 17층,이끼 낀 지하 묘소 17층
5118,이끼 낀 지하 묘소 18층,18F,이끼 낀 지하 묘소 18층,이끼 낀 지하 묘소 18층
5119,이끼 낀 지하 묘소 19층,19F,이끼 낀 지하 묘소 19층,이끼 낀 지하 묘소 19층
5120,이끼 낀 지하 묘소 20층,20F,이끼 낀 지하 묘소 20층,이끼 낀 지하 묘소 20층
5121,무너진 수로 21층,21F,무너진 수로 21층,무너진 수로 21층
5122,무너진 수로 22층,22F,무너진 수로 22층,무너진 수로 22층
5123,무너진 수로 23층,23F,무너진 수로 23층,무너진 수로 23층
5124,무너진 수로 24층,24F,무너진 수로 24층,무너진 수로 24층
5125,무너진 수로 25층,25F,무너진 수로 25층,무너진 수로 25층
5126,무너진 수로 26층,26F,무너진 수로 26층,무너진 수로 26층
5127,무너진 수로 27층,27F,무너진 수로 27층,무너진 수로 27층
5128,무너진 수로 28층,28F,무너진 수로 28층,무너진 수로 28층
5129,무너진 수로 29층,29F,무너진 수로 29층,무너진 수로 29층
5130,무너진 수로 30층,30F,무너진 수로 30층,무너진 수로 30층
5131,무너진 수로 31층,31F,무너진 수로 31층,무너진 수로 31층
5132,무너진 수로 32층,32F,무너진 수로 32층,무너진 수로 32층
5133,무너진 수로 33층,33F,무너진 수로 33층,무너진 수로 33층
5134,무너진 수로 34층,34F,무너진 수로 34층,무너진 수로 34층
5135,무너진 수로 35층,35F,무너진 수로 35층,무너진 수로 35층
5136,무너진 수로 36층,36F,무너진 수로 36층,무너진 수로 36층
5137,무너진 수로 37층,37F,무너진 수로 37층,무너진 수로 37층
5138,무너진 수로 38층,38F,무너진 수로 38층,무너진 수로 38층
5139,무너진 수로 39층,39F,무너진 수로 39층,무너진 수로 39층
5140,무너진 수로 40층,40F,무너진 수로 40층,무너진 수로 40층
5141,잿빛 용광로 41층,41F,잿빛 용광로 41층,잿빛 용광로 41층
5142,잿빛 용광로 42층,42F,잿빛 용광로 42층,잿빛 용광로 42층
5143,잿빛 용광로 43층,43F,잿빛 용광로 43층,잿빛 용광로 43층
5144,잿빛 용광로 44층,44F,잿빛 용광로 44층,잿빛 용광로 44층
5145,잿빛 용광로 45층,45F,잿빛 용광로 45층,잿빛 용광로 45층
5146,잿빛 용광로 46층,46F,잿빛 용광로 46층,잿빛 용광로 46층
5147,잿빛 용광로 47층,47F,잿빛 용광로 47층,잿빛 용광로 47층
5148,잿빛 용광로 48층,48F,잿빛 용광로 48층,잿빛 용광로 48층
5149,잿빛 용광로 49층,49F,잿빛 용광로 49층,잿빛 용광로 49층
5150,잿빛 용광로 50층,50F,잿빛 용광로 50층,잿빛 용광로 50층
5151,잿빛 용광로 51층,51F,잿빛 용광로 51층,잿빛 용광로 51층
5152,잿빛 용광로 52층,52F,잿빛 용광로 52층,잿빛 용광로 52층
5153,잿빛 용광로 53층,53F,잿빛 용광로 53층,잿빛 용광로 53층
5154,잿빛 용광로 54층,54F,잿빛 용광로 54층,잿빛 용광로 54층
5155,잿빛 용광로 55층,55F,잿빛 용광로 55층,잿빛 용광로 55층
5156,잿빛 용광로 56층,56F,잿빛 용광로 56층,잿빛 용광로 56층
5157,잿빛 용광로 57층,57F,잿빛 용광로 57층,잿빛 용광로 57층
5158,잿빛 용광로 58층,58F,잿빛 용광로 58층,잿빛 용광로 58층
5159,잿빛 용광로 59층,59F,잿빛 용광로 59층,잿빛 용광로 59층
5160,잿빛 용광로 60층,60F,잿빛 용광로 60층,잿빛 용광로 60층
5161,얼어붙은 심층 61층,61F,얼어붙은 심층 61층,얼어붙은 심층 61층
5162,얼어붙은 심층 62층,62F,얼어붙은 심층 62층,얼어붙은 심층 62층
5163,얼어붙은 심층 63층,63F,얼어붙은 심층 63층,얼어붙은 심층 63층
5164,얼어붙은 심층 64층,64F,얼어붙은 심층 64층,얼어붙은 심층 64층
5165,얼어붙은 심층 65층,65F,얼어붙은 심층 65층,얼어붙은 심층 65층
5166,얼어붙은 심층 66층,66F,얼어붙은 심층 66층,얼어붙은 심층 66층
5167,얼어붙은 심층 67층,67F,얼어붙은 심층 67층,얼어붙은 심층 67층
5168,얼어붙은 심층 68층,68F,얼어붙은 심층 68층,얼어붙은 심층 68층
5169,얼어붙은 심층 69층,69F,얼어붙은 심층 69층,얼어붙은 심층 69층
5170,얼어붙은 심층 70층,70F,얼어붙은 심층 70층,얼어붙은 심층 70층
5171,얼어붙은 심층 71층,71F,얼어붙은 심층 71층,얼어붙은 심층 71층
5172,얼어붙은 심층 72층,72F,얼어붙은 심층 72층,얼어붙은 심층 72층
5173,얼어붙은 심층 73층,73F,얼어붙은 심층 73층,얼어붙은 심층 73층
5174,얼어붙은 심층 74층,74F,얼어붙은 심층 74층,얼어붙은 심층 74층
5175,얼어붙은 심층 75층,75F,얼어붙은 심층 75층,얼어붙은 심층 75층
5176,얼어붙은 심층 76층,76F,얼어붙은 심층 76층,얼어붙은 심층 76층
5177,얼어붙은 심층 77층,77F,얼어붙은 심층 77층,얼어붙은 심층 77층
5178,얼어붙은 심층 78층,78F,얼어붙은 심층 78층,얼어붙은 심층 78층
5179,얼어붙은 심층 79층,79F,얼어붙은 심층 79층,얼어붙은 심층 79층
5180,얼어붙은 심층 80층,80F,얼어붙은 심층 80층,얼어붙은 심층 80층
5181,왕좌의 균열 81층,81F,왕좌의 균열 81층,왕좌의 균열 81층
5182,왕좌의 균열 82층,82F,왕좌의 균열 82층,왕좌의 균열 82층
5183,왕좌의 균열 83층,83F,왕좌의 균열 83층,왕좌의 균열 83층
5184,왕좌의 균열 84층,84F,왕좌의 균열 84층,왕좌의 균열 84층
5185,왕좌의 균열 85층,85F,왕좌의 균열 85층,왕좌의 균열 85층
5186,왕좌의 균열 86층,86F,왕좌의 균열 86층,왕좌의 균열 86층
5187,왕좌의 균열 87층,87F,왕좌의 균열 87층,왕좌의 균열 87층
5188,왕좌의 균열 88층,88F,왕좌의 균열 88층,왕좌의 균열 88층
5189,왕좌의 균열 89층,89F,왕좌의 균열 89층,왕좌의 균열 89층
5190,왕좌의 균열 90층,90F,왕좌의 균열 90층,왕좌의 균열 90층
5191,왕좌의 균열 91층,91F,왕좌의 균열 91층,왕좌의 균열 91층
5192,왕좌의 균열 92층,92F,왕좌의 균열 92층,왕좌의 균열 92층
5193,왕좌의 균열 93층,93F,왕좌의 균열 93층,왕좌의 균열 93층
5194,왕좌의 균열 94층,94F,왕좌의 균열 94층,왕좌의 균열 94층
5195,왕좌의 균열 95층,95F,왕좌의 균열 95층,왕좌의 균열 95층
5196,왕좌의 균열 96층,96F,왕좌의 균열 96층,왕좌의 균열 96층
5197,왕좌의 균열 97층,97F,왕좌의 균열 97층,왕좌의 균열 97층
5198,왕좌의 균열 98층,98F,왕좌의 균열 98층,왕좌의 균열 98층
5199,왕좌의 균열 99층,99F,왕좌의 균열 99층,왕좌의 균열 99층
5200,왕좌의 균열 100층,100F,왕좌의 균열 100층,왕좌의 균열 100층
10000,라임 슬라임,Lime Slime,,
10001,망고 슬라임,Mango Slime,,
10002,크로우,Crow,,
10003,숲의 정령,Forest Spirit,,
10004,야생 늑대,Wild Wolf,,
10005,킹 슬라임,King Slime,,
10006,둔기 슬라임,Blunt Slime,,
10007,단검 슬라임,Dagger Slime,,
10008,방패 슬라임,Shield Slime,,
10101,이끼 슬라임,이끼 슬라임,이끼 슬라임,이끼 슬라임
10102,이끼 박쥐,이끼 박쥐,이끼 박쥐,이끼 박쥐
10103,이끼 망령,이끼 망령,이끼 망령,이끼 망령
10104,이끼 골렘,이끼 골렘,이끼 골렘,이끼 골렘
10105,이끼 늑대,Mossy Wolf,이끼 사냥개,이끼 사냥개
10106,이끼 고블린 창병,Mossy Goblin Lancer,이끼 수호병,이끼 수호병
10107,이끼 해골 전사,Mossy Skeleton Warrior,이끼 그림자,이끼 그림자
10108,이끼 고블린 방패병,Mossy Goblin Shieldman,이끼 파수꾼,이끼 파수꾼
10109,이끼 슬라임,Mossy Slime,이끼 슬라임,이끼 슬라임
10110,이끼 슬라임,Mossy Slime,이끼 박쥐,이끼 박쥐
10111,이끼 크로우,Mossy Crow,이끼 망령,이끼 망령
10112,이끼 정령,Mossy Spirit,이끼 골렘,이끼 골렘
10113,이끼 늑대,Mossy Wolf,이끼 사냥개,이끼 사냥개
10114,이끼 고블린 창병,Mossy Goblin Lancer,이끼 수호병,이끼 수호병
10115,이끼 해골 전사,Mossy Skeleton Warrior,이끼 그림자,이끼 그림자
10116,이끼 고블린 방패병,Mossy Goblin Shieldman,이끼 파수꾼,이끼 파수꾼
10117,이끼 슬라임,Mossy Slime,이끼 슬라임,이끼 슬라임
10118,이끼 슬라임,Mossy Slime,이끼 박쥐,이끼 박쥐
10119,이끼 크로우,Mossy Crow,이끼 망령,이끼 망령
10120,이끼 정령,Mossy Spirit,이끼 골렘,이끼 골렘
10121,수렁 슬라임,Miry Slime,수렁 슬라임,수렁 슬라임
10122,수렁 슬라임,Miry Slime,수렁 박쥐,수렁 박쥐
10123,수렁 크로우,Miry Crow,수렁 망령,수렁 망령
10124,수렁 정령,Miry Spirit,수렁 골렘,수렁 골렘
10125,수렁 늑대,Miry Wolf,수렁 사냥개,수렁 사냥개
10126,수렁 고블린 창병,Miry Goblin Lancer,수렁 수호병,수렁 수호병
10127,수렁 해골 전사,Miry Skeleton Warrior,수렁 그림자,수렁 그림자
10128,수렁 고블린 방패병,Miry Goblin Shieldman,수렁 파수꾼,수렁 파수꾼
10129,수렁 슬라임,Miry Slime,수렁 슬라임,수렁 슬라임
10130,수렁 슬라임,Miry Slime,수렁 박쥐,수렁 박쥐
10131,수렁 크로우,Miry Crow,수렁 망령,수렁 망령
10132,수렁 정령,Miry Spirit,수렁 골렘,수렁 골렘
10133,수렁 늑대,Miry Wolf,수렁 사냥개,수렁 사냥개
10134,수렁 고블린 창병,Miry Goblin Lancer,수렁 수호병,수렁 수호병
10135,수렁 해골 전사,Miry Skeleton Warrior,수렁 그림자,수렁 그림자
10136,수렁 고블린 방패병,Miry Goblin Shieldman,수렁 파수꾼,수렁 파수꾼
10137,수렁 슬라임,Miry Slime,수렁 슬라임,수렁 슬라임
10138,수렁 슬라임,Miry Slime,수렁 박쥐,수렁 박쥐
10139,수렁 크로우,Miry Crow,수렁 망령,수렁 망령
10140,수렁 정령,Miry Spirit,수렁 골렘,수렁 골렘
10141,잿불 슬라임,Ember Slime,잿불 슬라임,잿불 슬라임
10142,잿불 슬라임,Ember Slime,잿불 박쥐,잿불 박쥐
10143,잿불 크로우,Ember Crow,잿불 망령,잿불 망령
10144,잿불 정령,Ember Spirit,잿불 골렘,잿불 골렘
10145,잿불 늑대,Ember Wolf,잿불 사냥개,잿불 사냥개
10146,잿불 고블린 창병,Ember Goblin Lancer,잿불 수호병,잿불 수호병
10147,잿불 해골 전사,Ember Skeleton Warrior,잿불 그림자,잿불 그림자
10148,잿불 고블린 방패병,Ember Goblin Shieldman,잿불 파수꾼,잿불 파수꾼
10149,잿불 슬라임,Ember Slime,잿불 슬라임,잿불 슬라임
10150,잿불 슬라임,Ember Slime,잿불 박쥐,잿불 박쥐
10151,잿불 크로우,Ember Crow,잿불 망령,잿불 망령
10152,잿불 정령,Ember Spirit,잿불 골렘,잿불 골렘
10153,잿불 늑대,Ember Wolf,잿불 사냥개,잿불 사냥개
10154,잿불 고블린 창병,Ember Goblin Lancer,잿불 수호병,잿불 수호병
10155,잿불 해골 전사,Ember Skeleton Warrior,잿불 그림자,잿불 그림자
10156,잿불 고블린 방패병,Ember Goblin Shieldman,잿불 파수꾼,잿불 파수꾼
10157,잿불 슬라임,Ember Slime,잿불 슬라임,잿불 슬라임
10158,잿불 슬라임,Ember Slime,잿불 박쥐,잿불 박쥐
10159,잿불 크로우,Ember Crow,잿불 망령,잿불 망령
10160,잿불 정령,Ember Spirit,잿불 골렘,잿불 골렘
10161,서리 슬라임,Frost Slime,서리 슬라임,서리 슬라임
10162,서리 슬라임,Frost Slime,서리 박쥐,서리 박쥐
10163,서리 크로우,Frost Crow,서리 망령,서리 망령
10164,서리 정령,Frost Spirit,서리 골렘,서리 골렘
10165,서리 늑대,Frost Wolf,서리 사냥개,서리 사냥개
10166,서리 고블린 창병,Frost Goblin Lancer,서리 수호병,서리 수호병
10167,서리 해골 전사,Frost Skeleton Warrior,서리 그림자,서리 그림자
10168,서리 고블린 방패병,Frost Goblin Shieldman,서리 파수꾼,서리 파수꾼
10169,서리 슬라임,Frost Slime,서리 슬라임,서리 슬라임
10170,서리 슬라임,Frost Slime,서리 박쥐,서리 박쥐
10171,서리 크로우,Frost Crow,서리 망령,서리 망령
10172,서리 정령,Frost Spirit,서리 골렘,서리 골렘
10173,서리 늑대,Frost Wolf,서리 사냥개,서리 사냥개
10174,서리 고블린 창병,Frost Goblin Lancer,서리 수호병,서리 수호병
10175,서리 해골 전사,Frost Skeleton Warrior,서리 그림자,서리 그림자
10176,서리 고블린 방패병,Frost Goblin Shieldman,서리 파수꾼,서리 파수꾼
10177,서리 슬라임,Frost Slime,서리 슬라임,서리 슬라임
10178,서리 슬라임,Frost Slime,서리 박쥐,서리 박쥐
10179,서리 크로우,Frost Crow,서리 망령,서리 망령
10180,서리 정령,Frost Spirit,서리 골렘,서리 골렘
10181,심연 슬라임,Abyssal Slime,심연 슬라임,심연 슬라임
10182,심연 슬라임,Abyssal Slime,심연 박쥐,심연 박쥐
10183,심연 크로우,Abyssal Crow,심연 망령,심연 망령
10184,심연 정령,Abyssal Spirit,심연 골렘,심연 골렘
10185,심연 늑대,Abyssal Wolf,심연 사냥개,심연 사냥개
10186,심연 고블린 창병,Abyssal Goblin Lancer,심연 수호병,심연 수호병
10187,심연 해골 전사,Abyssal Skeleton Warrior,심연 그림자,심연 그림자
10188,심연 고블린 방패병,Abyssal Goblin Shieldman,심연 파수꾼,심연 파수꾼
10189,심연 슬라임,Abyssal Slime,심연 슬라임,심연 슬라임
10190,심연 슬라임,Abyssal Slime,심연 박쥐,심연 박쥐
10191,심연 크로우,Abyssal Crow,심연 망령,심연 망령
10192,심연 정령,Abyssal Spirit,심연 골렘,심연 골렘
10193,심연 늑대,Abyssal Wolf,심연 사냥개,심연 사냥개
10194,심연 고블린 창병,Abyssal Goblin Lancer,심연 수호병,심연 수호병
10195,심연 해골 전사,Abyssal Skeleton Warrior,심연 그림자,심연 그림자
10196,심연 고블린 방패병,Abyssal Goblin Shieldman,심연 파수꾼,심연 파수꾼
10197,심연 슬라임,Abyssal Slime,심연 슬라임,심연 슬라임
10198,심연 슬라임,Abyssal Slime,심연 박쥐,심연 박쥐
10199,심연 크로우,Abyssal Crow,심연 망령,심연 망령
10200,심연 정령,Abyssal Spirit,심연 골렘,심연 골렘
10300,이끼 낀 지하 묘소의 킹 슬라임,King Slime of the Mossy Depths,이끼 낀 지하 묘소의 주인,이끼 낀 지하 묘소의 주인
10301,무너진 수로의 둔기 슬라임,Mace Slime of the Miry Depths,무너진 수로의 주인,무너진 수로의 주인
10302,잿빛 용광로의 단검 슬라임,Dagger Slime of the Ember Depths,잿빛 용광로의 주인,잿빛 용광로의 주인
10303,얼어붙은 심층의 방패 슬라임,Shield Slime of the Frost Depths,얼어붙은 심층의 주인,얼어붙은 심층의 주인
10304,왕좌의 균열의 킹 슬라임,King Slime of the Abyssal Depths,왕좌의 균열의 주인,왕좌의 균열의 주인
10900,이끼 낀 지하 묘소의 잿빛 파수꾼 우두머리,이끼 낀 지하 묘소의 잿빛 파수꾼 우두머리,이끼 낀 지하 묘소의 잿빛 파수꾼 우두머리,이끼 낀 지하 묘소의 잿빛 파수꾼 우두머리
10901,무너진 수로의 심연의 거수 우두머리,무너진 수로의 심연의 거수 우두머리,무너진 수로의 심연의 거수 우두머리,무너진 수로의 심연의 거수 우두머리
10902,잿빛 용광로의 해골 전사 우두머리,잿빛 용광로의 해골 전사 우두머리,잿빛 용광로의 해골 전사 우두머리,잿빛 용광로의 해골 전사 우두머리
10903,얼어붙은 심층의 늑대 우두머리,얼어붙은 심층의 늑대 우두머리,얼어붙은 심층의 늑대 우두머리,얼어붙은 심층의 늑대 우두머리
10904,왕좌의 균열의 고블린 방패병 우두머리,왕좌의 균열의 고블린 방패병 우두머리,왕좌의 균열의 고블린 방패병 우두머리,왕좌의 균열의 고블린 방패병 우두머리
11040,이끼 늑대,이끼 늑대,이끼 늑대,이끼 늑대
11041,이끼 늑대,이끼 늑대,이끼 늑대,이끼 늑대
11042,이끼 늑대,이끼 늑대,이끼 늑대,이끼 늑대
11043,이끼 고블린 방패병,이끼 고블린 방패병,이끼 고블린 방패병,이끼 고블린 방패병
11044,이끼 잿빛 파수꾼,이끼 잿빛 파수꾼,이끼 잿빛 파수꾼,이끼 잿빛 파수꾼
11048,이끼 고블린 창병,이끼 고블린 창병,이끼 고블린 창병,이끼 고블린 창병
11049,이끼 고블린 창병,이끼 고블린 창병,이끼 고블린 창병,이끼 고블린 창병
11050,이끼 고블린 창병,이끼 고블린 창병,이끼 고블린 창병,이끼 고블린 창병
11051,이끼 잿빛 파수꾼,이끼 잿빛 파수꾼,이끼 잿빛 파수꾼,이끼 잿빛 파수꾼
11052,이끼 심연의 거수,이끼 심연의 거수,이끼 심연의 거수,이끼 심연의 거수
11056,이끼 해골 전사,이끼 해골 전사,이끼 해골 전사,이끼 해골 전사
11057,이끼 해골 전사,이끼 해골 전사,이끼 해골 전사,이끼 해골 전사
11058,이끼 해골 전사,이끼 해골 전사,이끼 해골 전사,이끼 해골 전사
11059,이끼 심연의 거수,이끼 심연의 거수,이끼 심연의 거수,이끼 심연의 거수
11060,이끼 슬라임,이끼 슬라임,이끼 슬라임,이끼 슬라임
11064,이끼 고블린 방패병,이끼 고블린 방패병,이끼 고블린 방패병,이끼 고블린 방패병
11065,이끼 고블린 방패병,이끼 고블린 방패병,이끼 고블린 방패병,이끼 고블린 방패병
11066,이끼 고블린 방패병,이끼 고블린 방패병,이끼 고블린 방패병,이끼 고블린 방패병
11067,이끼 슬라임,이끼 슬라임,이끼 슬라임,이끼 슬라임
11068,이끼 슬라임,이끼 슬라임,이끼 슬라임,이끼 슬라임
11072,이끼 잿빛 파수꾼,이끼 잿빛 파수꾼,이끼 잿빛 파수꾼,이끼 잿빛 파수꾼
11073,이끼 잿빛 파수꾼,이끼 잿빛 파수꾼,이끼 잿빛 파수꾼,이끼 잿빛 파수꾼
11074,이끼 잿빛 파수꾼,이끼 잿빛 파수꾼,이끼 잿빛 파수꾼,이끼 잿빛 파수꾼
11075,이끼 슬라임,이끼 슬라임,이끼 슬라임,이끼 슬라임
11076,이끼 크로우,이끼 크로우,이끼 크로우,이끼 크로우
11080,이끼 심연의 거수,이끼 심연의 거수,이끼 심연의 거수,이끼 심연의 거수
11081,이끼 심연의 거수,이끼 심연의 거수,이끼 심연의 거수,이끼 심연의 거수
11082,이끼 심연의 거수,이끼 심연의 거수,이끼 심연의 거수,이끼 심연의 거수
11083,이끼 크로우,이끼 크로우,이끼 크로우,이끼 크로우
11084,이끼 정령,이끼 정령,이끼 정령,이끼 정령
11088,이끼 슬라임,이끼 슬라임,이끼 슬라임,이끼 슬라임
11089,이끼 슬라임,이끼 슬라임,이끼 슬라임,이끼 슬라임
11090,이끼 슬라임,이끼 슬라임,이끼 슬라임,이끼 슬라임
11091,이끼 정령,이끼 정령,이끼 정령,이끼 정령
11092,이끼 늑대,이끼 늑대,이끼 늑대,이끼 늑대
11096,이끼 슬라임,이끼 슬라임,이끼 슬라임,이끼 슬라임
11097,이끼 슬라임,이끼 슬라임,이끼 슬라임,이끼 슬라임
11098,이끼 슬라임,이끼 슬라임,이끼 슬라임,이끼 슬라임
11099,이끼 늑대,이끼 늑대,이끼 늑대,이끼 늑대
11100,이끼 고블린 창병,이끼 고블린 창병,이끼 고블린 창병,이끼 고블린 창병
11104,이끼 크로우,이끼 크로우,이끼 크로우,이끼 크로우
11105,이끼 크로우,이끼 크로우,이끼 크로우,이끼 크로우
11106,이끼 크로우,이끼 크로우,이끼 크로우,이끼 크로우
11107,이끼 고블린 창병,이끼 고블린 창병,이끼 고블린 창병,이끼 고블린 창병
11108,이끼 해골 전사,이끼 해골 전사,이끼 해골 전사,이끼 해골 전사
11112,이끼 정령,이끼 정령,이끼 정령,이끼 정령
11113,이끼 정령,이끼 정령,이끼 정령,이끼 정령
11114,이끼 정령,이끼 정령,이끼 정령,이끼 정령
11115,이끼 해골 전사,이끼 해골 전사,이끼 해골 전사,이끼 해골 전사
11116,이끼 고블린 방패병,이끼 고블린 방패병,이끼 고블린 방패병,이끼 고블린 방패병
11120,이끼 늑대,이끼 늑대,이끼 늑대,이끼 늑대
11121,이끼 늑대,이끼 늑대,이끼 늑대,이끼 늑대
11122,이끼 늑대,이끼 늑대,이끼 늑대,이끼 늑대
11123,이끼 고블린 방패병,이끼 고블린 방패병,이끼 고블린 방패병,이끼 고블린 방패병
11124,이끼 잿빛 파수꾼,이끼 잿빛 파수꾼,이끼 잿빛 파수꾼,이끼 잿빛 파수꾼
11128,이끼 고블린 창병,이끼 고블린 창병,이끼 고블린 창병,이끼 고블린 창병
11129,이끼 고블린 창병,이끼 고블린 창병,이끼 고블린 창병,이끼 고블린 창병
11130,이끼 고블린 창병,이끼 고블린 창병,이끼 고블린 창병,이끼 고블린 창병
11131,이끼 잿빛 파수꾼,이끼 잿빛 파수꾼,이끼 잿빛 파수꾼,이끼 잿빛 파수꾼
11132,이끼 심연의 거수,이끼 심연의 거수,이끼 심연의 거수,이끼 심연의 거수
11136,이끼 해골 전사,이끼 해골 전사,이끼 해골 전사,이끼 해골 전사
11137,이끼 해골 전사,이끼 해골 전사,이끼 해골 전사,이끼 해골 전사
11138,이끼 해골 전사,이끼 해골 전사,이끼 해골 전사,이끼 해골 전사
11139,이끼 심연의 거수,이끼 심연의 거수,이끼 심연의 거수,이끼 심연의 거수
11140,이끼 슬라임,이끼 슬라임,이끼 슬라임,이끼 슬라임
11144,이끼 고블린 방패병,이끼 고블린 방패병,이끼 고블린 방패병,이끼 고블린 방패병
11145,이끼 고블린 방패병,이끼 고블린 방패병,이끼 고블린 방패병,이끼 고블린 방패병
11146,이끼 고블린 방패병,이끼 고블린 방패병,이끼 고블린 방패병,이끼 고블린 방패병
11147,이끼 슬라임,이끼 슬라임,이끼 슬라임,이끼 슬라임
11148,이끼 슬라임,이끼 슬라임,이끼 슬라임,이끼 슬라임
11152,이끼 잿빛 파수꾼,이끼 잿빛 파수꾼,이끼 잿빛 파수꾼,이끼 잿빛 파수꾼
11153,이끼 잿빛 파수꾼,이끼 잿빛 파수꾼,이끼 잿빛 파수꾼,이끼 잿빛 파수꾼
11154,이끼 잿빛 파수꾼,이끼 잿빛 파수꾼,이끼 잿빛 파수꾼,이끼 잿빛 파수꾼
11155,이끼 슬라임,이끼 슬라임,이끼 슬라임,이끼 슬라임
11156,이끼 크로우,이끼 크로우,이끼 크로우,이끼 크로우
11160,이끼 심연의 거수,이끼 심연의 거수,이끼 심연의 거수,이끼 심연의 거수
11161,이끼 심연의 거수,이끼 심연의 거수,이끼 심연의 거수,이끼 심연의 거수
11162,이끼 심연의 거수,이끼 심연의 거수,이끼 심연의 거수,이끼 심연의 거수
11163,이끼 크로우,이끼 크로우,이끼 크로우,이끼 크로우
11164,이끼 정령,이끼 정령,이끼 정령,이끼 정령
11168,수렁 슬라임,수렁 슬라임,수렁 슬라임,수렁 슬라임
11169,수렁 슬라임,수렁 슬라임,수렁 슬라임,수렁 슬라임
11170,수렁 슬라임,수렁 슬라임,수렁 슬라임,수렁 슬라임
11171,수렁 정령,수렁 정령,수렁 정령,수렁 정령
11172,수렁 늑대,수렁 늑대,수렁 늑대,수렁 늑대
11176,수렁 슬라임,수렁 슬라임,수렁 슬라임,수렁 슬라임
11177,수렁 슬라임,수렁 슬라임,수렁 슬라임,수렁 슬라임
11178,수렁 슬라임,수렁 슬라임,수렁 슬라임,수렁 슬라임
11179,수렁 늑대,수렁 늑대,수렁 늑대,수렁 늑대
11180,수렁 고블린 창병,수렁 고블린 창병,수렁 고블린 창병,수렁 고블린 창병
11184,수렁 크로우,수렁 크로우,수렁 크로우,수렁 크로우
11185,수렁 크로우,수렁 크로우,수렁 크로우,수렁 크로우
11186,수렁 크로우,수렁 크로우,수렁 크로우,수렁 크로우
11187,수렁 고블린 창병,수렁 고블린 창병,수렁 고블린 창병,수렁 고블린 창병
11188,수렁 해골 전사,수렁 해골 전사,수렁 해골 전사,수렁 해골 전사
11192,수렁 정령,수렁 정령,수렁 정령,수렁 정령
11193,수렁 정령,수렁 정령,수렁 정령,수렁 정령
11194,수렁 정령,수렁 정령,수렁 정령,수렁 정령
11195,수렁 해골 전사,수렁 해골 전사,수렁 해골 전사,수렁 해골 전사
11196,수렁 고블린 방패병,수렁 고블린 방패병,수렁 고블린 방패병,수렁 고블린 방패병
11200,수렁 늑대,수렁 늑대,수렁 늑대,수렁 늑대
11201,수렁 늑대,수렁 늑대,수렁 늑대,수렁 늑대
11202,수렁 늑대,수렁 늑대,수렁 늑대,수렁 늑대
11203,수렁 고블린 방패병,수렁 고블린 방패병,수렁 고블린 방패병,수렁 고블린 방패병
11204,수렁 잿빛 파수꾼,수렁 잿빛 파수꾼,수렁 잿빛 파수꾼,수렁 잿빛 파수꾼
11208,수렁 고블린 창병,수렁 고블린 창병,수렁 고블린 창병,수렁 고블린 창병
11209,수렁 고블린 창병,수렁 고블린 창병,수렁 고블린 창병,수렁 고블린 창병
11210,수렁 고블린 창병,수렁 고블린 창병,수렁 고블린 창병,수렁 고블린 창병
11211,수렁 잿빛 파수꾼,수렁 잿빛 파수꾼,수렁 잿빛 파수꾼,수렁 잿빛 파수꾼
11212,수렁 심연의 거수,수렁 심연의 거수,수렁 심연의 거수,수렁 심연의 거수
11216,수렁 해골 전사,수렁 해골 전사,수렁 해골 전사,수렁 해골 전사
11217,수렁 해골 전사,수렁 해골 전사,수렁 해골 전사,수렁 해골 전사
11218,수렁 해골 전사,수렁 해골 전사,수렁 해골 전사,수렁 해골 전사
11219,수렁 심연의 거수,수렁 심연의 거수,수렁 심연의 거수,수렁 심연의 거수
11220,수렁 슬라임,수렁 슬라임,수렁 슬라임,수렁 슬라임
11224,수렁 고블린 방패병,수렁 고블린 방패병,수렁 고블린 방패병,수렁 고블린 방패병
11225,수렁 고블린 방패병,수렁 고블린 방패병,수렁 고블린 방패병,수렁 고블린 방패병
11226,수렁 고블린 방패병,수렁 고블린 방패병,수렁 고블린 방패병,수렁 고블린 방패병
11227,수렁 슬라임,수렁 슬라임,수렁 슬라임,수렁 슬라임
11228,수렁 슬라임,수렁 슬라임,수렁 슬라임,수렁 슬라임
11232,수렁 잿빛 파수꾼,수렁 잿빛 파수꾼,수렁 잿빛 파수꾼,수렁 잿빛 파수꾼
11233,수렁 잿빛 파수꾼,수렁 잿빛 파수꾼,수렁 잿빛 파수꾼,수렁 잿빛 파수꾼
11234,수렁 잿빛 파수꾼,수렁 잿빛 파수꾼,수렁 잿빛 파수꾼,수렁 잿빛 파수꾼
11235,수렁 슬라임,수렁 슬라임,수렁 슬라임,수렁 슬라임
11236,수렁 크로우,수렁 크로우,수렁 크로우,수렁 크로우
11240,수렁 심연의 거수,수렁 심연의 거수,수렁 심연의 거수,수렁 심연의 거수
11241,수렁 심연의 거수,수렁 심연의 거수,수렁 심연의 거수,수렁 심연의 거수
11242,수렁 심연의 거수,수렁 심연의 거수,수렁 심연의 거수,수렁 심연의 거수
11243,수렁 크로우,수렁 크로우,수렁 크로우,수렁 크로우
11244,수렁 정령,수렁 정령,수렁 정령,수렁 정령
11248,수렁 슬라임,수렁 슬라임,수렁 슬라임,수렁 슬라임
11249,수렁 슬라임,수렁 슬라임,수렁 슬라임,수렁 슬라임
11250,수렁 슬라임,수렁 슬라임,수렁 슬라임,수렁 슬라임
11251,수렁 정령,수렁 정령,수렁 정령,수렁 정령
11252,수렁 늑대,수렁 늑대,수렁 늑대,수렁 늑대
11256,수렁 슬라임,수렁 슬라임,수렁 슬라임,수렁 슬라임
11257,수렁 슬라임,수렁 슬라임,수렁 슬라임,수렁 슬라임
11258,수렁 슬라임,수렁 슬라임,수렁 슬라임,수렁 슬라임
11259,수렁 늑대,수렁 늑대,수렁 늑대,수렁 늑대
11260,수렁 고블린 창병,수렁 고블린 창병,수렁 고블린 창병,수렁 고블린 창병
11264,수렁 크로우,수렁 크로우,수렁 크로우,수렁 크로우
11265,수렁 크로우,수렁 크로우,수렁 크로우,수렁 크로우
11266,수렁 크로우,수렁 크로우,수렁 크로우,수렁 크로우
11267,수렁 고블린 창병,수렁 고블린 창병,수렁 고블린 창병,수렁 고블린 창병
11268,수렁 해골 전사,수렁 해골 전사,수렁 해골 전사,수렁 해골 전사
11272,수렁 정령,수렁 정령,수렁 정령,수렁 정령
11273,수렁 정령,수렁 정령,수렁 정령,수렁 정령
11274,수렁 정령,수렁 정령,수렁 정령,수렁 정령
11275,수렁 해골 전사,수렁 해골 전사,수렁 해골 전사,수렁 해골 전사
11276,수렁 고블린 방패병,수렁 고블린 방패병,수렁 고블린 방패병,수렁 고블린 방패병
11280,수렁 늑대,수렁 늑대,수렁 늑대,수렁 늑대
11281,수렁 늑대,수렁 늑대,수렁 늑대,수렁 늑대
11282,수렁 늑대,수렁 늑대,수렁 늑대,수렁 늑대
11283,수렁 고블린 방패병,수렁 고블린 방패병,수렁 고블린 방패병,수렁 고블린 방패병
11284,수렁 잿빛 파수꾼,수렁 잿빛 파수꾼,수렁 잿빛 파수꾼,수렁 잿빛 파수꾼
11288,수렁 고블린 창병,수렁 고블린 창병,수렁 고블린 창병,수렁 고블린 창병
11289,수렁 고블린 창병,수렁 고블린 창병,수렁 고블린 창병,수렁 고블린 창병
11290,수렁 고블린 창병,수렁 고블린 창병,수렁 고블린 창병,수렁 고블린 창병
11291,수렁 잿빛 파수꾼,수렁 잿빛 파수꾼,수렁 잿빛 파수꾼,수렁 잿빛 파수꾼
11292,수렁 심연의 거수,수렁 심연의 거수,수렁 심연의 거수,수렁 심연의 거수
11296,수렁 해골 전사,수렁 해골 전사,수렁 해골 전사,수렁 해골 전사
11297,수렁 해골 전사,수렁 해골 전사,수렁 해골 전사,수렁 해골 전사
11298,수렁 해골 전사,수렁 해골 전사,수렁 해골 전사,수렁 해골 전사
11299,수렁 심연의 거수,수렁 심연의 거수,수렁 심연의 거수,수렁 심연의 거수
11300,수렁 슬라임,수렁 슬라임,수렁 슬라임,수렁 슬라임
11304,수렁 고블린 방패병,수렁 고블린 방패병,수렁 고블린 방패병,수렁 고블린 방패병
11305,수렁 고블린 방패병,수렁 고블린 방패병,수렁 고블린 방패병,수렁 고블린 방패병
11306,수렁 고블린 방패병,수렁 고블린 방패병,수렁 고블린 방패병,수렁 고블린 방패병
11307,수렁 슬라임,수렁 슬라임,수렁 슬라임,수렁 슬라임
11308,수렁 슬라임,수렁 슬라임,수렁 슬라임,수렁 슬라임
11312,수렁 잿빛 파수꾼,수렁 잿빛 파수꾼,수렁 잿빛 파수꾼,수렁 잿빛 파수꾼
11313,수렁 잿빛 파수꾼,수렁 잿빛 파수꾼,수렁 잿빛 파수꾼,수렁 잿빛 파수꾼
11314,수렁 잿빛 파수꾼,수렁 잿빛 파수꾼,수렁 잿빛 파수꾼,수렁 잿빛 파수꾼
11315,수렁 슬라임,수렁 슬라임,수렁 슬라임,수렁 슬라임
11316,수렁 크로우,수렁 크로우,수렁 크로우,수렁 크로우
11320,수렁 심연의 거수,수렁 심연의 거수,수렁 심연의 거수,수렁 심연의 거수
11321,수렁 심연의 거수,수렁 심연의 거수,수렁 심연의 거수,수렁 심연의 거수
11322,수렁 심연의 거수,수렁 심연의 거수,수렁 심연의 거수,수렁 심연의 거수
11323,수렁 크로우,수렁 크로우,수렁 크로우,수렁 크로우
11324,수렁 정령,수렁 정령,수렁 정령,수렁 정령
11328,잿불 슬라임,잿불 슬라임,잿불 슬라임,잿불 슬라임
11329,잿불 슬라임,잿불 슬라임,잿불 슬라임,잿불 슬라임
11330,잿불 슬라임,잿불 슬라임,잿불 슬라임,잿불 슬라임
11331,잿불 정령,잿불 정령,잿불 정령,잿불 정령
11332,잿불 늑대,잿불 늑대,잿불 늑대,잿불 늑대
11336,잿불 슬라임,잿불 슬라임,잿불 슬라임,잿불 슬라임
11337,잿불 슬라임,잿불 슬라임,잿불 슬라임,잿불 슬라임
11338,잿불 슬라임,잿불 슬라임,잿불 슬라임,잿불 슬라임
11339,잿불 늑대,잿불 늑대,잿불 늑대,잿불 늑대
11340,잿불 고블린 창병,잿불 고블린 창병,잿불 고블린 창병,잿불 고블린 창병
11344,잿불 크로우,잿불 크로우,잿불 크로우,잿불 크로우
11345,잿불 크로우,잿불 크로우,잿불 크로우,잿불 크로우
11346,잿불 크로우,잿불 크로우,잿불 크로우,잿불 크로우
11347,잿불 고블린 창병,잿불 고블린 창병,잿불 고블린 창병,잿불 고블린 창병
11348,잿불 해골 전사,잿불 해골 전사,잿불 해골 전사,잿불 해골 전사
11352,잿불 정령,잿불 정령,잿불 정령,잿불 정령
11353,잿불 정령,잿불 정령,잿불 정령,잿불 정령
11354,잿불 정령,잿불 정령,잿불 정령,잿불 정령
11355,잿불 해골 전사,잿불 해골 전사,잿불 해골 전사,잿불 해골 전사
11356,잿불 고블린 방패병,잿불 고블린 방패병,잿불 고블린 방패병,잿불 고블린 방패병
11360,잿불 늑대,잿불 늑대,잿불 늑대,잿불 늑대
11361,잿불 늑대,잿불 늑대,잿불 늑대,잿불 늑대
11362,잿불 늑대,잿불 늑대,잿불 늑대,잿불 늑대
11363,잿불 고블린 방패병,잿불 고블린 방패병,잿불 고블린 방패병,잿불 고블린 방패병
11364,잿불 잿빛 파수꾼,잿불 잿빛 파수꾼,잿불 잿빛 파수꾼,잿불 잿빛 파수꾼
11368,잿불 고블린 창병,잿불 고블린 창병,잿불 고블린 창병,잿불 고블린 창병
11369,잿불 고블린 창병,잿불 고블린 창병,잿불 고블린 창병,잿불 고블린 창병
11370,잿불 고블린 창병,잿불 고블린 창병,잿불 고블린 창병,잿불 고블린 창병
11371,잿불 잿빛 파수꾼,잿불 잿빛 파수꾼,잿불 잿빛 파수꾼,잿불 잿빛 파수꾼
11372,잿불 심연의 거수,잿불 심연의 거수,잿불 심연의 거수,잿불 심연의 거수
11376,잿불 해골 전사,잿불 해골 전사,잿불 해골 전사,잿불 해골 전사
11377,잿불 해골 전사,잿불 해골 전사,잿불 해골 전사,잿불 해골 전사
11378,잿불 해골 전사,잿불 해골 전사,잿불 해골 전사,잿불 해골 전사
11379,잿불 심연의 거수,잿불 심연의 거수,잿불 심연의 거수,잿불 심연의 거수
11380,잿불 슬라임,잿불 슬라임,잿불 슬라임,잿불 슬라임
11384,잿불 고블린 방패병,잿불 고블린 방패병,잿불 고블린 방패병,잿불 고블린 방패병
11385,잿불 고블린 방패병,잿불 고블린 방패병,잿불 고블린 방패병,잿불 고블린 방패병
11386,잿불 고블린 방패병,잿불 고블린 방패병,잿불 고블린 방패병,잿불 고블린 방패병
11387,잿불 슬라임,잿불 슬라임,잿불 슬라임,잿불 슬라임
11388,잿불 슬라임,잿불 슬라임,잿불 슬라임,잿불 슬라임
11392,잿불 잿빛 파수꾼,잿불 잿빛 파수꾼,잿불 잿빛 파수꾼,잿불 잿빛 파수꾼
11393,잿불 잿빛 파수꾼,잿불 잿빛 파수꾼,잿불 잿빛 파수꾼,잿불 잿빛 파수꾼
11394,잿불 잿빛 파수꾼,잿불 잿빛 파수꾼,잿불 잿빛 파수꾼,잿불 잿빛 파수꾼
11395,잿불 슬라임,잿불 슬라임,잿불 슬라임,잿불 슬라임
11396,잿불 크로우,잿불 크로우,잿불 크로우,잿불 크로우
11400,잿불 심연의 거수,잿불 심연의 거수,잿불 심연의 거수,잿불 심연의 거수
11401,잿불 심연의 거수,잿불 심연의 거수,잿불 심연의 거수,잿불 심연의 거수
11402,잿불 심연의 거수,잿불 심연의 거수,잿불 심연의 거수,잿불 심연의 거수
11403,잿불 크로우,잿불 크로우,잿불 크로우,잿불 크로우
11404,잿불 정령,잿불 정령,잿불 정령,잿불 정령
11408,잿불 슬라임,잿불 슬라임,잿불 슬라임,잿불 슬라임
11409,잿불 슬라임,잿불 슬라임,잿불 슬라임,잿불 슬라임
11410,잿불 슬라임,잿불 슬라임,잿불 슬라임,잿불 슬라임
11411,잿불 정령,잿불 정령,잿불 정령,잿불 정령
11412,잿불 늑대,잿불 늑대,잿불 늑대,잿불 늑대
11416,잿불 슬라임,잿불 슬라임,잿불 슬라임,잿불 슬라임
11417,잿불 슬라임,잿불 슬라임,잿불 슬라임,잿불 슬라임
11418,잿불 슬라임,잿불 슬라임,잿불 슬라임,잿불 슬라임
11419,잿불 늑대,잿불 늑대,잿불 늑대,잿불 늑대
11420,잿불 고블린 창병,잿불 고블린 창병,잿불 고블린 창병,잿불 고블린 창병
11424,잿불 크로우,잿불 크로우,잿불 크로우,잿불 크로우
11425,잿불 크로우,잿불 크로우,잿불 크로우,잿불 크로우
11426,잿불 크로우,잿불 크로우,잿불 크로우,잿불 크로우
11427,잿불 고블린 창병,잿불 고블린 창병,잿불 고블린 창병,잿불 고블린 창병
11428,잿불 해골 전사,잿불 해골 전사,잿불 해골 전사,잿불 해골 전사
11432,잿불 정령,잿불 정령,잿불 정령,잿불 정령
11433,잿불 정령,잿불 정령,잿불 정령,잿불 정령
11434,잿불 정령,잿불 정령,잿불 정령,잿불 정령
11435,잿불 해골 전사,잿불 해골 전사,잿불 해골 전사,잿불 해골 전사
11436,잿불 고블린 방패병,잿불 고블린 방패병,잿불 고블린 방패병,잿불 고블린 방패병
11440,잿불 늑대,잿불 늑대,잿불 늑대,잿불 늑대
11441,잿불 늑대,잿불 늑대,잿불 늑대,잿불 늑대
11442,잿불 늑대,잿불 늑대,잿불 늑대,잿불 늑대
11443,잿불 고블린 방패병,잿불 고블린 방패병,잿불 고블린 방패병,잿불 고블린 방패병
11444,잿불 잿빛 파수꾼,잿불 잿빛 파수꾼,잿불 잿빛 파수꾼,잿불 잿빛 파수꾼
11448,잿불 고블린 창병,잿불 고블린 창병,잿불 고블린 창병,잿불 고블린 창병
11449,잿불 고블린 창병,잿불 고블린 창병,잿불 고블린 창병,잿불 고블린 창병
11450,잿불 고블린 창병,잿불 고블린 창병,잿불 고블린 창병,잿불 고블린 창병
11451,잿불 잿빛 파수꾼,잿불 잿빛 파수꾼,잿불 잿빛 파수꾼,잿불 잿빛 파수꾼
11452,잿불 심연의 거수,잿불 심연의 거수,잿불 심연의 거수,잿불 심연의 거수
11456,잿불 해골 전사,잿불 해골 전사,잿불 해골 전사,잿불 해골 전사
11457,잿불 해골 전사,잿불 해골 전사,잿불 해골 전사,잿불 해골 전사
11458,잿불 해골 전사,잿불 해골 전사,잿불 해골 전사,잿불 해골 전사
11459,잿불 심연의 거수,잿불 심연의 거수,잿불 심연의 거수,잿불 심연의 거수
11460,잿불 슬라임,잿불 슬라임,잿불 슬라임,잿불 슬라임
11464,잿불 고블린 방패병,잿불 고블린 방패병,잿불 고블린 방패병,잿불 고블린 방패병
11465,잿불 고블린 방패병,잿불 고블린 방패병,잿불 고블린 방패병,잿불 고블린 방패병
11466,잿불 고블린 방패병,잿불 고블린 방패병,잿불 고블린 방패병,잿불 고블린 방패병
11467,잿불 슬라임,잿불 슬라임,잿불 슬라임,잿불 슬라임
11468,잿불 슬라임,잿불 슬라임,잿불 슬라임,잿불 슬라임
11472,잿불 잿빛 파수꾼,잿불 잿빛 파수꾼,잿불 잿빛 파수꾼,잿불 잿빛 파수꾼
11473,잿불 잿빛 파수꾼,잿불 잿빛 파수꾼,잿불 잿빛 파수꾼,잿불 잿빛 파수꾼
11474,잿불 잿빛 파수꾼,잿불 잿빛 파수꾼,잿불 잿빛 파수꾼,잿불 잿빛 파수꾼
11475,잿불 슬라임,잿불 슬라임,잿불 슬라임,잿불 슬라임
11476,잿불 크로우,잿불 크로우,잿불 크로우,잿불 크로우
11480,잿불 심연의 거수,잿불 심연의 거수,잿불 심연의 거수,잿불 심연의 거수
11481,잿불 심연의 거수,잿불 심연의 거수,잿불 심연의 거수,잿불 심연의 거수
11482,잿불 심연의 거수,잿불 심연의 거수,잿불 심연의 거수,잿불 심연의 거수
11483,잿불 크로우,잿불 크로우,잿불 크로우,잿불 크로우
11484,잿불 정령,잿불 정령,잿불 정령,잿불 정령
11488,서리 슬라임,서리 슬라임,서리 슬라임,서리 슬라임
11489,서리 슬라임,서리 슬라임,서리 슬라임,서리 슬라임
11490,서리 슬라임,서리 슬라임,서리 슬라임,서리 슬라임
11491,서리 정령,서리 정령,서리 정령,서리 정령
11492,서리 늑대,서리 늑대,서리 늑대,서리 늑대
11496,서리 슬라임,서리 슬라임,서리 슬라임,서리 슬라임
11497,서리 슬라임,서리 슬라임,서리 슬라임,서리 슬라임
11498,서리 슬라임,서리 슬라임,서리 슬라임,서리 슬라임
11499,서리 늑대,서리 늑대,서리 늑대,서리 늑대
11500,서리 고블린 창병,서리 고블린 창병,서리 고블린 창병,서리 고블린 창병
11504,서리 크로우,서리 크로우,서리 크로우,서리 크로우
11505,서리 크로우,서리 크로우,서리 크로우,서리 크로우
11506,서리 크로우,서리 크로우,서리 크로우,서리 크로우
11507,서리 고블린 창병,서리 고블린 창병,서리 고블린 창병,서리 고블린 창병
11508,서리 해골 전사,서리 해골 전사,서리 해골 전사,서리 해골 전사
11512,서리 정령,서리 정령,서리 정령,서리 정령
11513,서리 정령,서리 정령,서리 정령,서리 정령
11514,서리 정령,서리 정령,서리 정령,서리 정령
11515,서리 해골 전사,서리 해골 전사,서리 해골 전사,서리 해골 전사
11516,서리 고블린 방패병,서리 고블린 방패병,서리 고블린 방패병,서리 고블린 방패병
11520,서리 늑대,서리 늑대,서리 늑대,서리 늑대
11521,서리 늑대,서리 늑대,서리 늑대,서리 늑대
11522,서리 늑대,서리 늑대,서리 늑대,서리 늑대
11523,서리 고블린 방패병,서리 고블린 방패병,서리 고블린 방패병,서리 고블린 방패병
11524,서리 잿빛 파수꾼,서리 잿빛 파수꾼,서리 잿빛 파수꾼,서리 잿빛 파수꾼
11528,서리 고블린 창병,서리 고블린 창병,서리 고블린 창병,서리 고블린 창병
11529,서리 고블린 창병,서리 고블린 창병,서리 고블린 창병,서리 고블린 창병
11530,서리 고블린 창병,서리 고블린 창병,서리 고블린 창병,서리 고블린 창병
11531,서리 잿빛 파수꾼,서리 잿빛 파수꾼,서리 잿빛 파수꾼,서리 잿빛 파수꾼
11532,서리 심연의 거수,서리 심연의 거수,서리 심연의 거수,서리 심연의 거수
11536,서리 해골 전사,서리 해골 전사,서리 해골 전사,서리 해골 전사
11537,서리 해골 전사,서리 해골 전사,서리 해골 전사,서리 해골 전사
11538,서리 해골 전사,서리 해골 전사,서리 해골 전사,서리 해골 전사
11539,서리 심연의 거수,서리 심연의 거수,서리 심연의 거수,서리 심연의 거수
11540,서리 슬라임,서리 슬라임,서리 슬라임,서리 슬라임
11544,서리 고블린 방패병,서리 고블린 방패병,서리 고블린 방패병,서리 고블린 방패병
11545,서리 고블린 방패병,서리 고블린 방패병,서리 고블린 방패병,서리 고블린 방패병
11546,서리 고블린 방패병,서리 고블린 방패병,서리 고블린 방패병,서리 고블린 방패병
11547,서리 슬라임,서리 슬라임,서리 슬라임,서리 슬라임
11548,서리 슬라임,서리 슬라임,서리 슬라임,서리 슬라임
11552,서리 잿빛 파수꾼,서리 잿빛 파수꾼,서리 잿빛 파수꾼,서리 잿빛 파수꾼
11553,서리 잿빛 파수꾼,서리 잿빛 파수꾼,서리 잿빛 파수꾼,서리 잿빛 파수꾼
11554,서리 잿빛 파수꾼,서리 잿빛 파수꾼,서리 잿빛 파수꾼,서리 잿빛 파수꾼
11555,서리 슬라임,서리 슬라임,서리 슬라임,서리 슬라임
11556,서리 크로우,서리 크로우,서리 크로우,서리 크로우
11560,서리 심연의 거수,서리 심연의 거수,서리 심연의 거수,서리 심연의 거수
11561,서리 심연의 거수,서리 심연의 거수,서리 심연의 거수,서리 심연의 거수
11562,서리 심연의 거수,서리 심연의 거수,서리 심연의 거수,서리 심연의 거수
11563,서리 크로우,서리 크로우,서리 크로우,서리 크로우
11564,서리 정령,서리 정령,서리 정령,서리 정령
11568,서리 슬라임,서리 슬라임,서리 슬라임,서리 슬라임
11569,서리 슬라임,서리 슬라임,서리 슬라임,서리 슬라임
11570,서리 슬라임,서리 슬라임,서리 슬라임,서리 슬라임
11571,서리 정령,서리 정령,서리 정령,서리 정령
11572,서리 늑대,서리 늑대,서리 늑대,서리 늑대
11576,서리 슬라임,서리 슬라임,서리 슬라임,서리 슬라임
11577,서리 슬라임,서리 슬라임,서리 슬라임,서리 슬라임
11578,서리 슬라임,서리 슬라임,서리 슬라임,서리 슬라임
11579,서리 늑대,서리 늑대,서리 늑대,서리 늑대
11580,서리 고블린 창병,서리 고블린 창병,서리 고블린 창병,서리 고블린 창병
11584,서리 크로우,서리 크로우,서리 크로우,서리 크로우
11585,서리 크로우,서리 크로우,서리 크로우,서리 크로우
11586,서리 크로우,서리 크로우,서리 크로우,서리 크로우
11587,서리 고블린 창병,서리 고블린 창병,서리 고블린 창병,서리 고블린 창병
11588,서리 해골 전사,서리 해골 전사,서리 해골 전사,서리 해골 전사
11592,서리 정령,서리 정령,서리 정령,서리 정령
11593,서리 정령,서리 정령,서리 정령,서리 정령
11594,서리 정령,서리 정령,서리 정령,서리 정령
11595,서리 해골 전사,서리 해골 전사,서리 해골 전사,서리 해골 전사
11596,서리 고블린 방패병,서리 고블린 방패병,서리 고블린 방패병,서리 고블린 방패병
11600,서리 늑대,서리 늑대,서리 늑대,서리 늑대
11601,서리 늑대,서리 늑대,서리 늑대,서리 늑대
11602,서리 늑대,서리 늑대,서리 늑대,서리 늑대
11603,서리 고블린 방패병,서리 고블린 방패병,서리 고블린 방패병,서리 고블린 방패병
11604,서리 잿빛 파수꾼,서리 잿빛 파수꾼,서리 잿빛 파수꾼,서리 잿빛 파수꾼
11608,서리 고블린 창병,서리 고블린 창병,서리 고블린 창병,서리 고블린 창병
11609,서리 고블린 창병,서리 고블린 창병,서리 고블린 창병,서리 고블린 창병
11610,서리 고블린 창병,서리 고블린 창병,서리 고블린 창병,서리 고블린 창병
11611,서리 잿빛 파수꾼,서리 잿빛 파수꾼,서리 잿빛 파수꾼,서리 잿빛 파수꾼
11612,서리 심연의 거수,서리 심연의 거수,서리 심연의 거수,서리 심연의 거수
11616,서리 해골 전사,서리 해골 전사,서리 해골 전사,서리 해골 전사
11617,서리 해골 전사,서리 해골 전사,서리 해골 전사,서리 해골 전사
11618,서리 해골 전사,서리 해골 전사,서리 해골 전사,서리 해골 전사
11619,서리 심연의 거수,서리 심연의 거수,서리 심연의 거수,서리 심연의 거수
11620,서리 슬라임,서리 슬라임,서리 슬라임,서리 슬라임
11624,서리 고블린 방패병,서리 고블린 방패병,서리 고블린 방패병,서리 고블린 방패병
11625,서리 고블린 방패병,서리 고블린 방패병,서리 고블린 방패병,서리 고블린 방패병
11626,서리 고블린 방패병,서리 고블린 방패병,서리 고블린 방패병,서리 고블린 방패병
11627,서리 슬라임,서리 슬라임,서리 슬라임,서리 슬라임
11628,서리 슬라임,서리 슬라임,서리 슬라임,서리 슬라임
11632,서리 잿빛 파수꾼,서리 잿빛 파수꾼,서리 잿빛 파수꾼,서리 잿빛 파수꾼
11633,서리 잿빛 파수꾼,서리 잿빛 파수꾼,서리 잿빛 파수꾼,서리 잿빛 파수꾼
11634,서리 잿빛 파수꾼,서리 잿빛 파수꾼,서리 잿빛 파수꾼,서리 잿빛 파수꾼
11635,서리 슬라임,서리 슬라임,서리 슬라임,서리 슬라임
11636,서리 크로우,서리 크로우,서리 크로우,서리 크로우
11640,서리 심연의 거수,서리 심연의 거수,서리 심연의 거수,서리 심연의 거수
11641,서리 심연의 거수,서리 심연의 거수,서리 심연의 거수,서리 심연의 거수
11642,서리 심연의 거수,서리 심연의 거수,서리 심연의 거수,서리 심연의 거수
11643,서리 크로우,서리 크로우,서리 크로우,서리 크로우
11644,서리 정령,서리 정령,서리 정령,서리 정령
11648,심연 슬라임,심연 슬라임,심연 슬라임,심연 슬라임
11649,심연 슬라임,심연 슬라임,심연 슬라임,심연 슬라임
11650,심연 슬라임,심연 슬라임,심연 슬라임,심연 슬라임
11651,심연 정령,심연 정령,심연 정령,심연 정령
11652,심연 늑대,심연 늑대,심연 늑대,심연 늑대
11656,심연 슬라임,심연 슬라임,심연 슬라임,심연 슬라임
11657,심연 슬라임,심연 슬라임,심연 슬라임,심연 슬라임
11658,심연 슬라임,심연 슬라임,심연 슬라임,심연 슬라임
11659,심연 늑대,심연 늑대,심연 늑대,심연 늑대
11660,심연 고블린 창병,심연 고블린 창병,심연 고블린 창병,심연 고블린 창병
11664,심연 크로우,심연 크로우,심연 크로우,심연 크로우
11665,심연 크로우,심연 크로우,심연 크로우,심연 크로우
11666,심연 크로우,심연 크로우,심연 크로우,심연 크로우
11667,심연 고블린 창병,심연 고블린 창병,심연 고블린 창병,심연 고블린 창병
11668,심연 해골 전사,심연 해골 전사,심연 해골 전사,심연 해골 전사
11672,심연 정령,심연 정령,심연 정령,심연 정령
11673,심연 정령,심연 정령,심연 정령,심연 정령
11674,심연 정령,심연 정령,심연 정령,심연 정령
11675,심연 해골 전사,심연 해골 전사,심연 해골 전사,심연 해골 전사
11676,심연 고블린 방패병,심연 고블린 방패병,심연 고블린 방패병,심연 고블린 방패병
11680,심연 늑대,심연 늑대,심연 늑대,심연 늑대
11681,심연 늑대,심연 늑대,심연 늑대,심연 늑대
11682,심연 늑대,심연 늑대,심연 늑대,심연 늑대
11683,심연 고블린 방패병,심연 고블린 방패병,심연 고블린 방패병,심연 고블린 방패병
11684,심연 잿빛 파수꾼,심연 잿빛 파수꾼,심연 잿빛 파수꾼,심연 잿빛 파수꾼
11688,심연 고블린 창병,심연 고블린 창병,심연 고블린 창병,심연 고블린 창병
11689,심연 고블린 창병,심연 고블린 창병,심연 고블린 창병,심연 고블린 창병
11690,심연 고블린 창병,심연 고블린 창병,심연 고블린 창병,심연 고블린 창병
11691,심연 잿빛 파수꾼,심연 잿빛 파수꾼,심연 잿빛 파수꾼,심연 잿빛 파수꾼
11692,심연 심연의 거수,심연 심연의 거수,심연 심연의 거수,심연 심연의 거수
11696,심연 해골 전사,심연 해골 전사,심연 해골 전사,심연 해골 전사
11697,심연 해골 전사,심연 해골 전사,심연 해골 전사,심연 해골 전사
11698,심연 해골 전사,심연 해골 전사,심연 해골 전사,심연 해골 전사
11699,심연 심연의 거수,심연 심연의 거수,심연 심연의 거수,심연 심연의 거수
11700,심연 슬라임,심연 슬라임,심연 슬라임,심연 슬라임
11704,심연 고블린 방패병,심연 고블린 방패병,심연 고블린 방패병,심연 고블린 방패병
11705,심연 고블린 방패병,심연 고블린 방패병,심연 고블린 방패병,심연 고블린 방패병
11706,심연 고블린 방패병,심연 고블린 방패병,심연 고블린 방패병,심연 고블린 방패병
11707,심연 슬라임,심연 슬라임,심연 슬라임,심연 슬라임
11708,심연 슬라임,심연 슬라임,심연 슬라임,심연 슬라임
11712,심연 잿빛 파수꾼,심연 잿빛 파수꾼,심연 잿빛 파수꾼,심연 잿빛 파수꾼
11713,심연 잿빛 파수꾼,심연 잿빛 파수꾼,심연 잿빛 파수꾼,심연 잿빛 파수꾼
11714,심연 잿빛 파수꾼,심연 잿빛 파수꾼,심연 잿빛 파수꾼,심연 잿빛 파수꾼
11715,심연 슬라임,심연 슬라임,심연 슬라임,심연 슬라임
11716,심연 크로우,심연 크로우,심연 크로우,심연 크로우
11720,심연 심연의 거수,심연 심연의 거수,심연 심연의 거수,심연 심연의 거수
11721,심연 심연의 거수,심연 심연의 거수,심연 심연의 거수,심연 심연의 거수
11722,심연 심연의 거수,심연 심연의 거수,심연 심연의 거수,심연 심연의 거수
11723,심연 크로우,심연 크로우,심연 크로우,심연 크로우
11724,심연 정령,심연 정령,심연 정령,심연 정령
11728,심연 슬라임,심연 슬라임,심연 슬라임,심연 슬라임
11729,심연 슬라임,심연 슬라임,심연 슬라임,심연 슬라임
11730,심연 슬라임,심연 슬라임,심연 슬라임,심연 슬라임
11731,심연 정령,심연 정령,심연 정령,심연 정령
11732,심연 늑대,심연 늑대,심연 늑대,심연 늑대
11736,심연 슬라임,심연 슬라임,심연 슬라임,심연 슬라임
11737,심연 슬라임,심연 슬라임,심연 슬라임,심연 슬라임
11738,심연 슬라임,심연 슬라임,심연 슬라임,심연 슬라임
11739,심연 늑대,심연 늑대,심연 늑대,심연 늑대
11740,심연 고블린 창병,심연 고블린 창병,심연 고블린 창병,심연 고블린 창병
11744,심연 크로우,심연 크로우,심연 크로우,심연 크로우
11745,심연 크로우,심연 크로우,심연 크로우,심연 크로우
11746,심연 크로우,심연 크로우,심연 크로우,심연 크로우
11747,심연 고블린 창병,심연 고블린 창병,심연 고블린 창병,심연 고블린 창병
11748,심연 해골 전사,심연 해골 전사,심연 해골 전사,심연 해골 전사
11752,심연 정령,심연 정령,심연 정령,심연 정령
11753,심연 정령,심연 정령,심연 정령,심연 정령
11754,심연 정령,심연 정령,심연 정령,심연 정령
11755,심연 해골 전사,심연 해골 전사,심연 해골 전사,심연 해골 전사
11756,심연 고블린 방패병,심연 고블린 방패병,심연 고블린 방패병,심연 고블린 방패병
11760,심연 늑대,심연 늑대,심연 늑대,심연 늑대
11761,심연 늑대,심연 늑대,심연 늑대,심연 늑대
11762,심연 늑대,심연 늑대,심연 늑대,심연 늑대
11763,심연 고블린 방패병,심연 고블린 방패병,심연 고블린 방패병,심연 고블린 방패병
11764,심연 잿빛 파수꾼,심연 잿빛 파수꾼,심연 잿빛 파수꾼,심연 잿빛 파수꾼
11768,심연 고블린 창병,심연 고블린 창병,심연 고블린 창병,심연 고블린 창병
11769,심연 고블린 창병,심연 고블린 창병,심연 고블린 창병,심연 고블린 창병
11770,심연 고블린 창병,심연 고블린 창병,심연 고블린 창병,심연 고블린 창병
11771,심연 잿빛 파수꾼,심연 잿빛 파수꾼,심연 잿빛 파수꾼,심연 잿빛 파수꾼
11772,심연 심연의 거수,심연 심연의 거수,심연 심연의 거수,심연 심연의 거수
11776,심연 해골 전사,심연 해골 전사,심연 해골 전사,심연 해골 전사
11777,심연 해골 전사,심연 해골 전사,심연 해골 전사,심연 해골 전사
11778,심연 해골 전사,심연 해골 전사,심연 해골 전사,심연 해골 전사
11779,심연 심연의 거수,심연 심연의 거수,심연 심연의 거수,심연 심연의 거수
11780,심연 슬라임,심연 슬라임,심연 슬라임,심연 슬라임
11784,심연 고블린 방패병,심연 고블린 방패병,심연 고블린 방패병,심연 고블린 방패병
11785,심연 고블린 방패병,심연 고블린 방패병,심연 고블린 방패병,심연 고블린 방패병
11786,심연 고블린 방패병,심연 고블린 방패병,심연 고블린 방패병,심연 고블린 방패병
11787,심연 슬라임,심연 슬라임,심연 슬라임,심연 슬라임
11788,심연 슬라임,심연 슬라임,심연 슬라임,심연 슬라임
11792,심연 잿빛 파수꾼,심연 잿빛 파수꾼,심연 잿빛 파수꾼,심연 잿빛 파수꾼
11793,심연 잿빛 파수꾼,심연 잿빛 파수꾼,심연 잿빛 파수꾼,심연 잿빛 파수꾼
11794,심연 잿빛 파수꾼,심연 잿빛 파수꾼,심연 잿빛 파수꾼,심연 잿빛 파수꾼
11795,심연 슬라임,심연 슬라임,심연 슬라임,심연 슬라임
11796,심연 크로우,심연 크로우,심연 크로우,심연 크로우
11800,심연 심연의 거수,심연 심연의 거수,심연 심연의 거수,심연 심연의 거수
11801,심연 심연의 거수,심연 심연의 거수,심연 심연의 거수,심연 심연의 거수
11802,심연 심연의 거수,심연 심연의 거수,심연 심연의 거수,심연 심연의 거수
11803,심연 크로우,심연 크로우,심연 크로우,심연 크로우
11804,심연 정령,심연 정령,심연 정령,심연 정령
20000,밝고 투명한 녹색을 띠는 슬라임.\n주로 숲 근처에 서식하며^ 상쾌한 라임 향기를 내뿜는다.\n공격 받을 때마다 주변 공기를 상쾌하게 만들지만^\n동시에 끈적한 산성 액체를 뿌려 적을 공격한다.,"""A slime with a bright^ transparent green color.\nIt mainly lives near forests^ and exudes a refreshing lime scent.\nWhen attacked"," it refreshes the surrounding air^ but at the same time^ it sprays a sticky^ acidic liquid to attack enemies.""",
20001,노란 망고 향을 풍기는 슬라임.\n주로 망고 나무 아래에서 발견되며^ 익은 망고를 먹으며 자란다.\n몸체에서 떨어진 액체는 영양분이 높아^ 주변 식물이 빠르게 자란다.\n적을 달콤한 향기로 유인한 뒤^ 끈적한 점액으로 공격한다.,A slime that smells like yellow mango.\nIt is usually found under mango trees^ and grows by eating ripe mangoes.\nThe liquid that drips from its body is highly nutritious^ and causes nearby plants to grow quickly.\nIt lures enemies with its sweet scent^ and then attacks them with sticky mucus.,,
20002,지능이 높고 숲속에 서식하는 변종 까마귀.\n불길한 징조를 알리는 존재로 여겨지며^ 검은 깃털과 붉은 눈이 특징.\n어둠 속에서 적의 시야를 차단하고^ 그들의 약점을 찾아내 공격하는 데 능숙하다.,A highly intelligent mutant crow that lives in the forest.\nConsidered to be a being that announces ominous omens^ it is characterized by its black feathers and red eyes.\nIt is adept at blocking the vision of enemies in the dark^ and finding and attacking their weak points.,,
20003,숲의 생명을 지키는 신비로운 존재.\n초록색 빛을 띠며 나무와 동화된 모습을 하다.\n이들은 숲의 균형을 유지하고^ 외부 침입자로부터 숲을 보호한다.\n자연의 힘을 빌려 보호 마법을 사용할 수 있으며^ 숲속 생명체들과 교감한다.,Mysterious beings that protect the life of the forest.\nThey have a green glow and look like they are one with the trees.\nThey maintain the balance of the forest^ and protect it from outside invaders.\nThey can use protective magic by borrowing the power of nature^ and communicate with the creatures of the forest.,,
20004,무리를 지어 다니며^ 민첩성을 지닌 변종 늑대.\n그들의 털은 숲속에서 뛰어난 위장을 제공하며^ 날카로운 이빨과 발톱으로 무장하고 있다.\n지능도 높아^ 사냥할 때 전략을 사용하며^ 위험을 감지하면 빠르게 도망치기도 한다.,"""A mutant wolf that moves in packs and is agile.\nTheir fur provides excellent camouflage in the forest",^ and they are armed with sharp teeth and claws.\nThey are also highly intelligent,^ so they use strategy when hunting
20005,거대한 크기와 왕관을 쓴 모습이 특징인 슬라임.\n여러 종류의 슬라임을 통솔하며^ 그들의 힘을 합쳐 거대한 형태로 변할 수 있다.\n킹 슬라임의 체내에는 다양한 원소가 섞여 있어^ 공격 시 강력한 화학 반응을 일으킨다.\n진정한 힘은 평소에는 숨겨져 있지만^ 위기에 처하면 모든 슬라임의 힘을 한데 모아 압도적인 힘을 발휘한다.,"""A slime characterized by its gigantic size and crowned appearance.\nIt commands several types of slimes^ and can combine their powers to transform into a gigantic form.\nKing Slime`s body contains a mixture of various elements^ which causes powerful chemical reactions when attacking.\nIts true power is usually hidden^", but when in danger," it gathers the power of all the slimes together and displays overwhelming power."""
20006,킹 슬라임에 분열되어 둔기 무기를 품은 슬라임.\n강력한 공격을 하지만 둔해보인다.,A slime split from King Slime and wielding a blunt weapon.\nIt has powerful attacks but appears dull.,,
20007,킹 슬라임에 분열되어 단검 무기를 품은 슬라임.\n재빠른 공격을 하지만 약해보인다.\n뭔가 반짝이는 게 들어있는 것 같은데?,"""A slime split from the King Slime and wielding a dagger weapon.\nIt attacks quickly"," but seems weak.\nIs there something shiny inside?""",
20008,킹 슬라임에 분열되어 방패 무기를 품은 슬라임.\n튼튼한 방어를 하지만 느려보인다.,"""A slime that is divided into King Slime and holds a shield weapon.\nIt has a strong defense"," but appears slow.""",
20101,이끼 슬라임. 깊은 곳에서 올라온 존재.,이끼 슬라임.,이끼 슬라임. 깊은 곳에서 올라온 존재.,이끼 슬라임. 깊은 곳에서 올라온 존재.
20102,이끼 박쥐. 깊은 곳에서 올라온 존재.,이끼 박쥐.,이끼 박쥐. 깊은 곳에서 올라온 존재.,이끼 박쥐. 깊은 곳에서 올라온 존재.
20103,이끼 망령. 깊은 곳에서 올라온 존재.,이끼 망령.,이끼 망령. 깊은 곳에서 올라온 존재.,이끼 망령. 깊은 곳에서 올라온 존재.
20104,이끼 골렘. 깊은 곳에서 올라온 존재.,이끼 골렘.,이끼 골렘. 깊은 곳에서 올라온 존재.,이끼 골렘. 깊은 곳에서 올라온 존재.
20105,송곳니를 드러낸다.,송곳니를 드러낸다.,이끼 사냥개. 깊은 곳에서 올라온 존재.,이끼 사냥개. 깊은 곳에서 올라온 존재.
20106,창을 겨누고 버틴다.,창을 겨누고 버틴다.,이끼 수호병. 깊은 곳에서 올라온 존재.,이끼 수호병. 깊은 곳에서 올라온 존재.
20107,부서진 갑주를 걸쳤다.,부서진 갑주를 걸쳤다.,이끼 그림자. 깊은 곳에서 올라온 존재.,이끼 그림자. 깊은 곳에서 올라온 존재.
20108,방패 뒤에 몸을 숨긴다.,방패 뒤에 몸을 숨긴다.,이끼 파수꾼. 깊은 곳에서 올라온 존재.,이끼 파수꾼. 깊은 곳에서 올라온 존재.
20109,말랑한 몸으로 굴러다닌다.,말랑한 몸으로 굴러다닌다.,이끼 슬라임. 깊은 곳에서 올라온 존재.,이끼 슬라임. 깊은 곳에서 올라온 존재.
20110,말랑한 몸으로 굴러다닌다.,말랑한 몸으로 굴러다닌다.,이끼 박쥐. 깊은 곳에서 올라온 존재.,이끼 박쥐. 깊은 곳에서 올라온 존재.
20111,떼를 지어 달려든다.,떼를 지어 달려든다.,이끼 망령. 깊은 곳에서 올라온 존재.,이끼 망령. 깊은 곳에서 올라온 존재.
20112,형체가 흐릿하다.,형체가 흐릿하다.,이끼 골렘. 깊은 곳에서 올라온 존재.,이끼 골렘. 깊은 곳에서 올라온 존재.
20113,송곳니를 드러낸다.,송곳니를 드러낸다.,이끼 사냥개. 깊은 곳에서 올라온 존재.,이끼 사냥개. 깊은 곳에서 올라온 존재.
20114,창을 겨누고 버틴다.,창을 겨누고 버틴다.,이끼 수호병. 깊은 곳에서 올라온 존재.,이끼 수호병. 깊은 곳에서 올라온 존재.
20115,부서진 갑주를 걸쳤다.,부서진 갑주를 걸쳤다.,이끼 그림자. 깊은 곳에서 올라온 존재.,이끼 그림자. 깊은 곳에서 올라온 존재.
20116,방패 뒤에 몸을 숨긴다.,방패 뒤에 몸을 숨긴다.,이끼 파수꾼. 깊은 곳에서 올라온 존재.,이끼 파수꾼. 깊은 곳에서 올라온 존재.
20117,말랑한 몸으로 굴러다닌다.,말랑한 몸으로 굴러다닌다.,이끼 슬라임. 깊은 곳에서 올라온 존재.,이끼 슬라임. 깊은 곳에서 올라온 존재.
20118,말랑한 몸으로 굴러다닌다.,말랑한 몸으로 굴러다닌다.,이끼 박쥐. 깊은 곳에서 올라온 존재.,이끼 박쥐. 깊은 곳에서 올라온 존재.
20119,떼를 지어 달려든다.,떼를 지어 달려든다.,이끼 망령. 깊은 곳에서 올라온 존재.,이끼 망령. 깊은 곳에서 올라온 존재.
20120,형체가 흐릿하다.,형체가 흐릿하다.,이끼 골렘. 깊은 곳에서 올라온 존재.,이끼 골렘. 깊은 곳에서 올라온 존재.
20121,말랑한 몸으로 굴러다닌다.,말랑한 몸으로 굴러다닌다.,수렁 슬라임. 깊은 곳에서 올라온 존재.,수렁 슬라임. 깊은 곳에서 올라온 존재.
20122,말랑한 몸으로 굴러다닌다.,말랑한 몸으로 굴러다닌다.,수렁 박쥐. 깊은 곳에서 올라온 존재.,수렁 박쥐. 깊은 곳에서 올라온 존재.
20123,떼를 지어 달려든다.,떼를 지어 달려든다.,수렁 망령. 깊은 곳에서 올라온 존재.,수렁 망령. 깊은 곳에서 올라온 존재.
20124,형체가 흐릿하다.,형체가 흐릿하다.,수렁 골렘. 깊은 곳에서 올라온 존재.,수렁 골렘. 깊은 곳에서 올라온 존재.
20125,송곳니를 드러낸다.,송곳니를 드러낸다.,수렁 사냥개. 깊은 곳에서 올라온 존재.,수렁 사냥개. 깊은 곳에서 올라온 존재.
20126,창을 겨누고 버틴다.,창을 겨누고 버틴다.,수렁 수호병. 깊은 곳에서 올라온 존재.,수렁 수호병. 깊은 곳에서 올라온 존재.
20127,부서진 갑주를 걸쳤다.,부서진 갑주를 걸쳤다.,수렁 그림자. 깊은 곳에서 올라온 존재.,수렁 그림자. 깊은 곳에서 올라온 존재.
20128,방패 뒤에 몸을 숨긴다.,방패 뒤에 몸을 숨긴다.,수렁 파수꾼. 깊은 곳에서 올라온 존재.,수렁 파수꾼. 깊은 곳에서 올라온 존재.
20129,말랑한 몸으로 굴러다닌다.,말랑한 몸으로 굴러다닌다.,수렁 슬라임. 깊은 곳에서 올라온 존재.,수렁 슬라임. 깊은 곳에서 올라온 존재.
20130,말랑한 몸으로 굴러다닌다.,말랑한 몸으로 굴러다닌다.,수렁 박쥐. 깊은 곳에서 올라온 존재.,수렁 박쥐. 깊은 곳에서 올라온 존재.
20131,떼를 지어 달려든다.,떼를 지어 달려든다.,수렁 망령. 깊은 곳에서 올라온 존재.,수렁 망령. 깊은 곳에서 올라온 존재.
20132,형체가 흐릿하다.,형체가 흐릿하다.,수렁 골렘. 깊은 곳에서 올라온 존재.,수렁 골렘. 깊은 곳에서 올라온 존재.
20133,송곳니를 드러낸다.,송곳니를 드러낸다.,수렁 사냥개. 깊은 곳에서 올라온 존재.,수렁 사냥개. 깊은 곳에서 올라온 존재.
20134,창을 겨누고 버틴다.,창을 겨누고 버틴다.,수렁 수호병. 깊은 곳에서 올라온 존재.,수렁 수호병. 깊은 곳에서 올라온 존재.
20135,부서진 갑주를 걸쳤다.,부서진 갑주를 걸쳤다.,수렁 그림자. 깊은 곳에서 올라온 존재.,수렁 그림자. 깊은 곳에서 올라온 존재.
20136,방패 뒤에 몸을 숨긴다.,방패 뒤에 몸을 숨긴다.,수렁 파수꾼. 깊은 곳에서 올라온 존재.,수렁 파수꾼. 깊은 곳에서 올라온 존재.
20137,말랑한 몸으로 굴러다닌다.,말랑한 몸으로 굴러다닌다.,수렁 슬라임. 깊은 곳에서 올라온 존재.,수렁 슬라임. 깊은 곳에서 올라온 존재.
20138,말랑한 몸으로 굴러다닌다.,말랑한 몸으로 굴러다닌다.,수렁 박쥐. 깊은 곳에서 올라온 존재.,수렁 박쥐. 깊은 곳에서 올라온 존재.
20139,떼를 지어 달려든다.,떼를 지어 달려든다.,수렁 망령. 깊은 곳에서 올라온 존재.,수렁 망령. 깊은 곳에서 올라온 존재.
20140,형체가 흐릿하다.,형체가 흐릿하다.,수렁 골렘. 깊은 곳에서 올라온 존재.,수렁 골렘. 깊은 곳에서 올라온 존재.
20141,말랑한 몸으로 굴러다닌다.,말랑한 몸으로 굴러다닌다.,잿불 슬라임. 깊은 곳에서 올라온 존재.,잿불 슬라임. 깊은 곳에서 올라온 존재.
20142,말랑한 몸으로 굴러다닌다.,말랑한 몸으로 굴러다닌다.,잿불 박쥐. 깊은 곳에서 올라온 존재.,잿불 박쥐. 깊은 곳에서 올라온 존재.
20143,떼를 지어 달려든다.,떼를 지어 달려든다.,잿불 망령. 깊은 곳에서 올라온 존재.,잿불 망령. 깊은 곳에서 올라온 존재.
20144,형체가 흐릿하다.,형체가 흐릿하다.,잿불 골렘. 깊은 곳에서 올라온 존재.,잿불 골렘. 깊은 곳에서 올라온 존재.
20145,송곳니를 드러낸다.,송곳니를 드러낸다.,잿불 사냥개. 깊은 곳에서 올라온 존재.,잿불 사냥개. 깊은 곳에서 올라온 존재.
20146,창을 겨누고 버틴다.,창을 겨누고 버틴다.,잿불 수호병. 깊은 곳에서 올라온 존재.,잿불 수호병. 깊은 곳에서 올라온 존재.
20147,부서진 갑주를 걸쳤다.,부서진 갑주를 걸쳤다.,잿불 그림자. 깊은 곳에서 올라온 존재.,잿불 그림자. 깊은 곳에서 올라온 존재.
20148,방패 뒤에 몸을 숨긴다.,방패 뒤에 몸을 숨긴다.,잿불 파수꾼. 깊은 곳에서 올라온 존재.,잿불 파수꾼. 깊은 곳에서 올라온 존재.
20149,말랑한 몸으로 굴러다닌다.,말랑한 몸으로 굴러다닌다.,잿불 슬라임. 깊은 곳에서 올라온 존재.,잿불 슬라임. 깊은 곳에서 올라온 존재.
20150,말랑한 몸으로 굴러다닌다.,말랑한 몸으로 굴러다닌다.,잿불 박쥐. 깊은 곳에서 올라온 존재.,잿불 박쥐. 깊은 곳에서 올라온 존재.
20151,떼를 지어 달려든다.,떼를 지어 달려든다.,잿불 망령. 깊은 곳에서 올라온 존재.,잿불 망령. 깊은 곳에서 올라온 존재.
20152,형체가 흐릿하다.,형체가 흐릿하다.,잿불 골렘. 깊은 곳에서 올라온 존재.,잿불 골렘. 깊은 곳에서 올라온 존재.
20153,송곳니를 드러낸다.,송곳니를 드러낸다.,잿불 사냥개. 깊은 곳에서 올라온 존재.,잿불 사냥개. 깊은 곳에서 올라온 존재.
20154,창을 겨누고 버틴다.,창을 겨누고 버틴다.,잿불 수호병. 깊은 곳에서 올라온 존재.,잿불 수호병. 깊은 곳에서 올라온 존재.
20155,부서진 갑주를 걸쳤다.,부서진 갑주를 걸쳤다.,잿불 그림자. 깊은 곳에서 올라온 존재.,잿불 그림자. 깊은 곳에서 올라온 존재.
20156,방패 뒤에 몸을 숨긴다.,방패 뒤에 몸을 숨긴다.,잿불 파수꾼. 깊은 곳에서 올라온 존재.,잿불 파수꾼. 깊은 곳에서 올라온 존재.
20157,말랑한 몸으로 굴러다닌다.,말랑한 몸으로 굴러다닌다.,잿불 슬라임. 깊은 곳에서 올라온 존재.,잿불 슬라임. 깊은 곳에서 올라온 존재.
20158,말랑한 몸으로 굴러다닌다.,말랑한 몸으로 굴러다닌다.,잿불 박쥐. 깊은 곳에서 올라온 존재.,잿불 박쥐. 깊은 곳에서 올라온 존재.
20159,떼를 지어 달려든다.,떼를 지어 달려든다.,잿불 망령. 깊은 곳에서 올라온 존재.,잿불 망령. 깊은 곳에서 올라온 존재.
20160,형체가 흐릿하다.,형체가 흐릿하다.,잿불 골렘. 깊은 곳에서 올라온 존재.,잿불 골렘. 깊은 곳에서 올라온 존재.
20161,말랑한 몸으로 굴러다닌다.,말랑한 몸으로 굴러다닌다.,서리 슬라임. 깊은 곳에서 올라온 존재.,서리 슬라임. 깊은 곳에서 올라온 존재.
20162,말랑한 몸으로 굴러다닌다.,말랑한 몸으로 굴러다닌다.,서리 박쥐. 깊은 곳에서 올라온 존재.,서리 박쥐. 깊은 곳에서 올라온 존재.
20163,떼를 지어 달려든다.,떼를 지어 달려든다.,서리 망령. 깊은 곳에서 올라온 존재.,서리 망령. 깊은 곳에서 올라온 존재.
20164,형체가 흐릿하다.,형체가 흐릿하다.,서리 골렘. 깊은 곳에서 올라온 존재.,서리 골렘. 깊은 곳에서 올라온 존재.
20165,송곳니를 드러낸다.,송곳니를 드러낸다.,서리 사냥개. 깊은 곳에서 올라온 존재.,서리 사냥개. 깊은 곳에서 올라온 존재.
20166,창을 겨누고 버틴다.,창을 겨누고 버틴다.,서리 수호병. 깊은 곳에서 올라온 존재.,서리 수호병. 깊은 곳에서 올라온 존재.
20167,부서진 갑주를 걸쳤다.,부서진 갑주를 걸쳤다.,서리 그림자. 깊은 곳에서 올라온 존재.,서리 그림자. 깊은 곳에서 올라온 존재.
20168,방패 뒤에 몸을 숨긴다.,방패 뒤에 몸을 숨긴다.,서리 파수꾼. 깊은 곳에서 올라온 존재.,서리 파수꾼. 깊은 곳에서 올라온 존재.
20169,말랑한 몸으로 굴러다닌다.,말랑한 몸으로 굴러다닌다.,서리 슬라임. 깊은 곳에서 올라온 존재.,서리 슬라임. 깊은 곳에서 올라온 존재.
20170,말랑한 몸으로 굴러다닌다.,말랑한 몸으로 굴러다닌다.,서리 박쥐. 깊은 곳에서 올라온 존재.,서리 박쥐. 깊은 곳에서 올라온 존재.
20171,떼를 지어 달려든다.,떼를 지어 달려든다.,서리 망령. 깊은 곳에서 올라온 존재.,서리 망령. 깊은 곳에서 올라온 존재.
20172,형체가 흐릿하다.,형체가 흐릿하다.,서리 골렘. 깊은 곳에서 올라온 존재.,서리 골렘. 깊은 곳에서 올라온 존재.
20173,송곳니를 드러낸다.,송곳니를 드러낸다.,서리 사냥개. 깊은 곳에서 올라온 존재.,서리 사냥개. 깊은 곳에서 올라온 존재.
20174,창을 겨누고 버틴다.,창을 겨누고 버틴다.,서리 수호병. 깊은 곳에서 올라온 존재.,서리 수호병. 깊은 곳에서 올라온 존재.
20175,부서진 갑주를 걸쳤다.,부서진 갑주를 걸쳤다.,서리 그림자. 깊은 곳에서 올라온 존재.,서리 그림자. 깊은 곳에서 올라온 존재.
20176,방패 뒤에 몸을 숨긴다.,방패 뒤에 몸을 숨긴다.,서리 파수꾼. 깊은 곳에서 올라온 존재.,서리 파수꾼. 깊은 곳에서 올라온 존재.
20177,말랑한 몸으로 굴러다닌다.,말랑한 몸으로 굴러다닌다.,서리 슬라임. 깊은 곳에서 올라온 존재.,서리 슬라임. 깊은 곳에서 올라온 존재.
20178,말랑한 몸으로 굴러다닌다.,말랑한 몸으로 굴러다닌다.,서리 박쥐. 깊은 곳에서 올라온 존재.,서리 박쥐. 깊은 곳에서 올라온 존재.
20179,떼를 지어 달려든다.,떼를 지어 달려든다.,서리 망령. 깊은 곳에서 올라온 존재.,서리 망령. 깊은 곳에서 올라온 존재.
20180,형체가 흐릿하다.,형체가 흐릿하다.,서리 골렘. 깊은 곳에서 올라온 존재.,서리 골렘. 깊은 곳에서 올라온 존재.
20181,말랑한 몸으로 굴러다닌다.,말랑한 몸으로 굴러다닌다.,심연 슬라임. 깊은 곳에서 올라온 존재.,심연 슬라임. 깊은 곳에서 올라온 존재.
20182,말랑한 몸으로 굴러다닌다.,말랑한 몸으로 굴러다닌다.,심연 박쥐. 깊은 곳에서 올라온 존재.,심연 박쥐. 깊은 곳에서 올라온 존재.
20183,떼를 지어 달려든다.,떼를 지어 달려든다.,심연 망령. 깊은 곳에서 올라온 존재.,심연 망령. 깊은 곳에서 올라온 존재.
20184,형체가 흐릿하다.,형체가 흐릿하다.,심연 골렘. 깊은 곳에서 올라온 존재.,심연 골렘. 깊은 곳에서 올라온 존재.
20185,송곳니를 드러낸다.,송곳니를 드러낸다.,심연 사냥개. 깊은 곳에서 올라온 존재.,심연 사냥개. 깊은 곳에서 올라온 존재.
20186,창을 겨누고 버틴다.,창을 겨누고 버틴다.,심연 수호병. 깊은 곳에서 올라온 존재.,심연 수호병. 깊은 곳에서 올라온 존재.
20187,부서진 갑주를 걸쳤다.,부서진 갑주를 걸쳤다.,심연 그림자. 깊은 곳에서 올라온 존재.,심연 그림자. 깊은 곳에서 올라온 존재.
20188,방패 뒤에 몸을 숨긴다.,방패 뒤에 몸을 숨긴다.,심연 파수꾼. 깊은 곳에서 올라온 존재.,심연 파수꾼. 깊은 곳에서 올라온 존재.
20189,말랑한 몸으로 굴러다닌다.,말랑한 몸으로 굴러다닌다.,심연 슬라임. 깊은 곳에서 올라온 존재.,심연 슬라임. 깊은 곳에서 올라온 존재.
20190,말랑한 몸으로 굴러다닌다.,말랑한 몸으로 굴러다닌다.,심연 박쥐. 깊은 곳에서 올라온 존재.,심연 박쥐. 깊은 곳에서 올라온 존재.
20191,떼를 지어 달려든다.,떼를 지어 달려든다.,심연 망령. 깊은 곳에서 올라온 존재.,심연 망령. 깊은 곳에서 올라온 존재.
20192,형체가 흐릿하다.,형체가 흐릿하다.,심연 골렘. 깊은 곳에서 올라온 존재.,심연 골렘. 깊은 곳에서 올라온 존재.
20193,송곳니를 드러낸다.,송곳니를 드러낸다.,심연 사냥개. 깊은 곳에서 올라온 존재.,심연 사냥개. 깊은 곳에서 올라온 존재.
20194,창을 겨누고 버틴다.,창을 겨누고 버틴다.,심연 수호병. 깊은 곳에서 올라온 존재.,심연 수호병. 깊은 곳에서 올라온 존재.
20195,부서진 갑주를 걸쳤다.,부서진 갑주를 걸쳤다.,심연 그림자. 깊은 곳에서 올라온 존재.,심연 그림자. 깊은 곳에서 올라온 존재.
20196,방패 뒤에 몸을 숨긴다.,방패 뒤에 몸을 숨긴다.,심연 파수꾼. 깊은 곳에서 올라온 존재.,심연 파수꾼. 깊은 곳에서 올라온 존재.
20197,말랑한 몸으로 굴러다닌다.,말랑한 몸으로 굴러다닌다.,심연 슬라임. 깊은 곳에서 올라온 존재.,심연 슬라임. 깊은 곳에서 올라온 존재.
20198,말랑한 몸으로 굴러다닌다.,말랑한 몸으로 굴러다닌다.,심연 박쥐. 깊은 곳에서 올라온 존재.,심연 박쥐. 깊은 곳에서 올라온 존재.
20199,떼를 지어 달려든다.,떼를 지어 달려든다.,심연 망령. 깊은 곳에서 올라온 존재.,심연 망령. 깊은 곳에서 올라온 존재.
20200,형체가 흐릿하다.,형체가 흐릿하다.,심연 골렘. 깊은 곳에서 올라온 존재.,심연 골렘. 깊은 곳에서 올라온 존재.
20300,이 층을 지키는 킹 슬라임. 무리를 거느린 거대한 슬라임.,무리를 거느린 거대한 슬라임.,이끼 낀 지하 묘소의 주인. 깊은 곳에서 올라온 존재.,이끼 낀 지하 묘소의 주인. 깊은 곳에서 올라온 존재.
20301,이 층을 지키는 둔기 슬라임. 둔기를 휘두르는 슬라임.,둔기를 휘두르는 슬라임.,무너진 수로의 주인. 깊은 곳에서 올라온 존재.,무너진 수로의 주인. 깊은 곳에서 올라온 존재.
20302,이 층을 지키는 단검 슬라임. 단검을 쥔 슬라임.,단검을 쥔 슬라임.,잿빛 용광로의 주인. 깊은 곳에서 올라온 존재.,잿빛 용광로의 주인. 깊은 곳에서 올라온 존재.
20303,이 층을 지키는 방패 슬라임. 방패를 든 슬라임.,방패를 든 슬라임.,얼어붙은 심층의 주인. 깊은 곳에서 올라온 존재.,얼어붙은 심층의 주인. 깊은 곳에서 올라온 존재.
20304,이 층을 지키는 킹 슬라임. 무리를 거느린 거대한 슬라임.,무리를 거느린 거대한 슬라임.,왕좌의 균열의 주인. 깊은 곳에서 올라온 존재.,왕좌의 균열의 주인. 깊은 곳에서 올라온 존재.
20900,이끼 낀 지하 묘소의 잿빛 파수꾼 우두머리. 깊은 곳에서 올라온 존재.,이끼 낀 지하 묘소의 잿빛 파수꾼 우두머리.,이끼 낀 지하 묘소의 잿빛 파수꾼 우두머리. 깊은 곳에서 올라온 존재.,이끼 낀 지하 묘소의 잿빛 파수꾼 우두머리. 깊은 곳에서 올라온 존재.
20901,무너진 수로의 심연의 거수 우두머리. 깊은 곳에서 올라온 존재.,무너진 수로의 심연의 거수 우두머리.,무너진 수로의 심연의 거수 우두머리. 깊은 곳에서 올라온 존재.,무너진 수로의 심연의 거수 우두머리. 깊은 곳에서 올라온 존재.
20902,잿빛 용광로의 해골 전사 우두머리. 깊은 곳에서 올라온 존재.,잿빛 용광로의 해골 전사 우두머리.,잿빛 용광로의 해골 전사 우두머리. 깊은 곳에서 올라온 존재.,잿빛 용광로의 해골 전사 우두머리. 깊은 곳에서 올라온 존재.
20903,얼어붙은 심층의 늑대 우두머리. 깊은 곳에서 올라온 존재.,얼어붙은 심층의 늑대 우두머리.,얼어붙은 심층의 늑대 우두머리. 깊은 곳에서 올라온 존재.,얼어붙은 심층의 늑대 우두머리. 깊은 곳에서 올라온 존재.
20904,왕좌의 균열의 고블린 방패병 우두머리. 깊은 곳에서 올라온 존재.,왕좌의 균열의 고블린 방패병 우두머리.,왕좌의 균열의 고블린 방패병 우두머리. 깊은 곳에서 올라온 존재.,왕좌의 균열의 고블린 방패병 우두머리. 깊은 곳에서 올라온 존재.
21040,이끼 늑대. 깊은 곳에서 올라온 존재.,이끼 늑대.,이끼 늑대. 깊은 곳에서 올라온 존재.,이끼 늑대. 깊은 곳에서 올라온 존재.
21041,이끼 늑대. 깊은 곳에서 올라온 존재.,이끼 늑대.,이끼 늑대. 깊은 곳에서 올라온 존재.,이끼 늑대. 깊은 곳에서 올라온 존재.
21042,이끼 늑대. 깊은 곳에서 올라온 존재.,이끼 늑대.,이끼 늑대. 깊은 곳에서 올라온 존재.,이끼 늑대. 깊은 곳에서 올라온 존재.
21043,이끼 고블린 방패병. 깊은 곳에서 올라온 존재.,이끼 고블린 방패병.,이끼 고블린 방패병. 깊은 곳에서 올라온 존재.,이끼 고블린 방패병. 깊은 곳에서 올라온 존재.
21044,이끼 잿빛 파수꾼. 깊은 곳에서 올라온 존재.,이끼 잿빛 파수꾼.,이끼 잿빛 파수꾼. 깊은 곳에서 올라온 존재.,이끼 잿빛 파수꾼. 깊은 곳에서 올라온 존재.
21048,이끼 고블린 창병. 깊은 곳에서 올라온 존재.,이끼 고블린 창병.,이끼 고블린 창병. 깊은 곳에서 올라온 존재.,이끼 고블린 창병. 깊은 곳에서 올라온 존재.
21049,이끼 고블린 창병. 깊은 곳에서 올라온 존재.,이끼 고블린 창병.,이끼 고블린 창병. 깊은 곳에서 올라온 존재.,이끼 고블린 창병. 깊은 곳에서 올라온 존재.
21050,이끼 고블린 창병. 깊은 곳에서 올라온 존재.,이끼 고블린 창병.,이끼 고블린 창병. 깊은 곳에서 올라온 존재.,이끼 고블린 창병. 깊은 곳에서 올라온 존재.
21051,이끼 잿빛 파수꾼. 깊은 곳에서 올라온 존재.,이끼 잿빛 파수꾼.,이끼 잿빛 파수꾼. 깊은 곳에서 올라온 존재.,이끼 잿빛 파수꾼. 깊은 곳에서 올라온 존재.
21052,이끼 심연의 거수. 깊은 곳에서 올라온 존재.,이끼 심연의 거수.,이끼 심연의 거수. 깊은 곳에서 올라온 존재.,이끼 심연의 거수. 깊은 곳에서 올라온 존재.
21056,이끼 해골 전사. 깊은 곳에서 올라온 존재.,이끼 해골 전사.,이끼 해골 전사. 깊은 곳에서 올라온 존재.,이끼 해골 전사. 깊은 곳에서 올라온 존재.
21057,이끼 해골 전사. 깊은 곳에서 올라온 존재.,이끼 해골 전사.,이끼 해골 전사. 깊은 곳에서 올라온 존재.,이끼 해골 전사. 깊은 곳에서 올라온 존재.
21058,이끼 해골 전사. 깊은 곳에서 올라온 존재.,이끼 해골 전사.,이끼 해골 전사. 깊은 곳에서 올라온 존재.,이끼 해골 전사. 깊은 곳에서 올라온 존재.
21059,이끼 심연의 거수. 깊은 곳에서 올라온 존재.,이끼 심연의 거수.,이끼 심연의 거수. 깊은 곳에서 올라온 존재.,이끼 심연의 거수. 깊은 곳에서 올라온 존재.
21060,이끼 슬라임. 깊은 곳에서 올라온 존재.,이끼 슬라임.,이끼 슬라임. 깊은 곳에서 올라온 존재.,이끼 슬라임. 깊은 곳에서 올라온 존재.
21064,이끼 고블린 방패병. 깊은 곳에서 올라온 존재.,이끼 고블린 방패병.,이끼 고블린 방패병. 깊은 곳에서 올라온 존재.,이끼 고블린 방패병. 깊은 곳에서 올라온 존재.
21065,이끼 고블린 방패병. 깊은 곳에서 올라온 존재.,이끼 고블린 방패병.,이끼 고블린 방패병. 깊은 곳에서 올라온 존재.,이끼 고블린 방패병. 깊은 곳에서 올라온 존재.
21066,이끼 고블린 방패병. 깊은 곳에서 올라온 존재.,이끼 고블린 방패병.,이끼 고블린 방패병. 깊은 곳에서 올라온 존재.,이끼 고블린 방패병. 깊은 곳에서 올라온 존재.
21067,이끼 슬라임. 깊은 곳에서 올라온 존재.,이끼 슬라임.,이끼 슬라임. 깊은 곳에서 올라온 존재.,이끼 슬라임. 깊은 곳에서 올라온 존재.
21068,이끼 슬라임. 깊은 곳에서 올라온 존재.,이끼 슬라임.,이끼 슬라임. 깊은 곳에서 올라온 존재.,이끼 슬라임. 깊은 곳에서 올라온 존재.
21072,이끼 잿빛 파수꾼. 깊은 곳에서 올라온 존재.,이끼 잿빛 파수꾼.,이끼 잿빛 파수꾼. 깊은 곳에서 올라온 존재.,이끼 잿빛 파수꾼. 깊은 곳에서 올라온 존재.
21073,이끼 잿빛 파수꾼. 깊은 곳에서 올라온 존재.,이끼 잿빛 파수꾼.,이끼 잿빛 파수꾼. 깊은 곳에서 올라온 존재.,이끼 잿빛 파수꾼. 깊은 곳에서 올라온 존재.
21074,이끼 잿빛 파수꾼. 깊은 곳에서 올라온 존재.,이끼 잿빛 파수꾼.,이끼 잿빛 파수꾼. 깊은 곳에서 올라온 존재.,이끼 잿빛 파수꾼. 깊은 곳에서 올라온 존재.
21075,이끼 슬라임. 깊은 곳에서 올라온 존재.,이끼 슬라임.,이끼 슬라임. 깊은 곳에서 올라온 존재.,이끼 슬라임. 깊은 곳에서 올라온 존재.
21076,이끼 크로우. 깊은 곳에서 올라온 존재.,이끼 크로우.,이끼 크로우. 깊은 곳에서 올라온 존재.,이끼 크로우. 깊은 곳에서 올라온 존재.
21080,이끼 심연의 거수. 깊은 곳에서 올라온 존재.,이끼 심연의 거수.,이끼 심연의 거수. 깊은 곳에서 올라온 존재.,이끼 심연의 거수. 깊은 곳에서 올라온 존재.
21081,이끼 심연의 거수. 깊은 곳에서 올라온 존재.,이끼 심연의 거수.,이끼 심연의 거수. 깊은 곳에서 올라온 존재.,이끼 심연의 거수. 깊은 곳에서 올라온 존재.
21082,이끼 심연의 거수. 깊은 곳에서 올라온 존재.,이끼 심연의 거수.,이끼 심연의 거수. 깊은 곳에서 올라온 존재.,이끼 심연의 거수. 깊은 곳에서 올라온 존재.
21083,이끼 크로우. 깊은 곳에서 올라온 존재.,이끼 크로우.,이끼 크로우. 깊은 곳에서 올라온 존재.,이끼 크로우. 깊은 곳에서 올라온 존재.
21084,이끼 정령. 깊은 곳에서 올라온 존재.,이끼 정령.,이끼 정령. 깊은 곳에서 올라온 존재.,이끼 정령. 깊은 곳에서 올라온 존재.
21088,이끼 슬라임. 깊은 곳에서 올라온 존재.,이끼 슬라임.,이끼 슬라임. 깊은 곳에서 올라온 존재.,이끼 슬라임. 깊은 곳에서 올라온 존재.
21089,이끼 슬라임. 깊은 곳에서 올라온 존재.,이끼 슬라임.,이끼 슬라임. 깊은 곳에서 올라온 존재.,이끼 슬라임. 깊은 곳에서 올라온 존재.
21090,이끼 슬라임. 깊은 곳에서 올라온 존재.,이끼 슬라임.,이끼 슬라임. 깊은 곳에서 올라온 존재.,이끼 슬라임. 깊은 곳에서 올라온 존재.
21091,이끼 정령. 깊은 곳에서 올라온 존재.,이끼 정령.,이끼 정령. 깊은 곳에서 올라온 존재.,이끼 정령. 깊은 곳에서 올라온 존재.
21092,이끼 늑대. 깊은 곳에서 올라온 존재.,이끼 늑대.,이끼 늑대. 깊은 곳에서 올라온 존재.,이끼 늑대. 깊은 곳에서 올라온 존재.
21096,이끼 슬라임. 깊은 곳에서 올라온 존재.,이끼 슬라임.,이끼 슬라임. 깊은 곳에서 올라온 존재.,이끼 슬라임. 깊은 곳에서 올라온 존재.
21097,이끼 슬라임. 깊은 곳에서 올라온 존재.,이끼 슬라임.,이끼 슬라임. 깊은 곳에서 올라온 존재.,이끼 슬라임. 깊은 곳에서 올라온 존재.
21098,이끼 슬라임. 깊은 곳에서 올라온 존재.,이끼 슬라임.,이끼 슬라임. 깊은 곳에서 올라온 존재.,이끼 슬라임. 깊은 곳에서 올라온 존재.
21099,이끼 늑대. 깊은 곳에서 올라온 존재.,이끼 늑대.,이끼 늑대. 깊은 곳에서 올라온 존재.,이끼 늑대. 깊은 곳에서 올라온 존재.
21100,이끼 고블린 창병. 깊은 곳에서 올라온 존재.,이끼 고블린 창병.,이끼 고블린 창병. 깊은 곳에서 올라온 존재.,이끼 고블린 창병. 깊은 곳에서 올라온 존재.
21104,이끼 크로우. 깊은 곳에서 올라온 존재.,이끼 크로우.,이끼 크로우. 깊은 곳에서 올라온 존재.,이끼 크로우. 깊은 곳에서 올라온 존재.
21105,이끼 크로우. 깊은 곳에서 올라온 존재.,이끼 크로우.,이끼 크로우. 깊은 곳에서 올라온 존재.,이끼 크로우. 깊은 곳에서 올라온 존재.
21106,이끼 크로우. 깊은 곳에서 올라온 존재.,이끼 크로우.,이끼 크로우. 깊은 곳에서 올라온 존재.,이끼 크로우. 깊은 곳에서 올라온 존재.
21107,이끼 고블린 창병. 깊은 곳에서 올라온 존재.,이끼 고블린 창병.,이끼 고블린 창병. 깊은 곳에서 올라온 존재.,이끼 고블린 창병. 깊은 곳에서 올라온 존재.
21108,이끼 해골 전사. 깊은 곳에서 올라온 존재.,이끼 해골 전사.,이끼 해골 전사. 깊은 곳에서 올라온 존재.,이끼 해골 전사. 깊은 곳에서 올라온 존재.
21112,이끼 정령. 깊은 곳에서 올라온 존재.,이끼 정령.,이끼 정령. 깊은 곳에서 올라온 존재.,이끼 정령. 깊은 곳에서 올라온 존재.
21113,이끼 정령. 깊은 곳에서 올라온 존재.,이끼 정령.,이끼 정령. 깊은 곳에서 올라온 존재.,이끼 정령. 깊은 곳에서 올라온 존재.
21114,이끼 정령. 깊은 곳에서 올라온 존재.,이끼 정령.,이끼 정령. 깊은 곳에서 올라온 존재.,이끼 정령. 깊은 곳에서 올라온 존재.
21115,이끼 해골 전사. 깊은 곳에서 올라온 존재.,이끼 해골 전사.,이끼 해골 전사. 깊은 곳에서 올라온 존재.,이끼 해골 전사. 깊은 곳에서 올라온 존재.
21116,이끼 고블린 방패병. 깊은 곳에서 올라온 존재.,이끼 고블린 방패병.,이끼 고블린 방패병. 깊은 곳에서 올라온 존재.,이끼 고블린 방패병. 깊은 곳에서 올라온 존재.
21120,이끼 늑대. 깊은 곳에서 올라온 존재.,이끼 늑대.,이끼 늑대. 깊은 곳에서 올라온 존재.,이끼 늑대. 깊은 곳에서 올라온 존재.
21121,이끼 늑대. 깊은 곳에서 올라온 존재.,이끼 늑대.,이끼 늑대. 깊은 곳에서 올라온 존재.,이끼 늑대. 깊은 곳에서 올라온 존재.
21122,이끼 늑대. 깊은 곳에서 올라온 존재.,이끼 늑대.,이끼 늑대. 깊은 곳에서 올라온 존재.,이끼 늑대. 깊은 곳에서 올라온 존재.
21123,이끼 고블린 방패병. 깊은 곳에서 올라온 존재.,이끼 고블린 방패병.,이끼 고블린 방패병. 깊은 곳에서 올라온 존재.,이끼 고블린 방패병. 깊은 곳에서 올라온 존재.
21124,이끼 잿빛 파수꾼. 깊은 곳에서 올라온 존재.,이끼 잿빛 파수꾼.,이끼 잿빛 파수꾼. 깊은 곳에서 올라온 존재.,이끼 잿빛 파수꾼. 깊은 곳에서 올라온 존재.
21128,이끼 고블린 창병. 깊은 곳에서 올라온 존재.,이끼 고블린 창병.,이끼 고블린 창병. 깊은 곳에서 올라온 존재.,이끼 고블린 창병. 깊은 곳에서 올라온 존재.
21129,이끼 고블린 창병. 깊은 곳에서 올라온 존재.,이끼 고블린 창병.,이끼 고블린 창병. 깊은 곳에서 올라온 존재.,이끼 고블린 창병. 깊은 곳에서 올라온 존재.
21130,이끼 고블린 창병. 깊은 곳에서 올라온 존재.,이끼 고블린 창병.,이끼 고블린 창병. 깊은 곳에서 올라온 존재.,이끼 고블린 창병. 깊은 곳에서 올라온 존재.
21131,이끼 잿빛 파수꾼. 깊은 곳에서 올라온 존재.,이끼 잿빛 파수꾼.,이끼 잿빛 파수꾼. 깊은 곳에서 올라온 존재.,이끼 잿빛 파수꾼. 깊은 곳에서 올라온 존재.
21132,이끼 심연의 거수. 깊은 곳에서 올라온 존재.,이끼 심연의 거수.,이끼 심연의 거수. 깊은 곳에서 올라온 존재.,이끼 심연의 거수. 깊은 곳에서 올라온 존재.
21136,이끼 해골 전사. 깊은 곳에서 올라온 존재.,이끼 해골 전사.,이끼 해골 전사. 깊은 곳에서 올라온 존재.,이끼 해골 전사. 깊은 곳에서 올라온 존재.
21137,이끼 해골 전사. 깊은 곳에서 올라온 존재.,이끼 해골 전사.,이끼 해골 전사. 깊은 곳에서 올라온 존재.,이끼 해골 전사. 깊은 곳에서 올라온 존재.
21138,이끼 해골 전사. 깊은 곳에서 올라온 존재.,이끼 해골 전사.,이끼 해골 전사. 깊은 곳에서 올라온 존재.,이끼 해골 전사. 깊은 곳에서 올라온 존재.
21139,이끼 심연의 거수. 깊은 곳에서 올라온 존재.,이끼 심연의 거수.,이끼 심연의 거수. 깊은 곳에서 올라온 존재.,이끼 심연의 거수. 깊은 곳에서 올라온 존재.
21140,이끼 슬라임. 깊은 곳에서 올라온 존재.,이끼 슬라임.,이끼 슬라임. 깊은 곳에서 올라온 존재.,이끼 슬라임. 깊은 곳에서 올라온 존재.
21144,이끼 고블린 방패병. 깊은 곳에서 올라온 존재.,이끼 고블린 방패병.,이끼 고블린 방패병. 깊은 곳에서 올라온 존재.,이끼 고블린 방패병. 깊은 곳에서 올라온 존재.
21145,이끼 고블린 방패병. 깊은 곳에서 올라온 존재.,이끼 고블린 방패병.,이끼 고블린 방패병. 깊은 곳에서 올라온 존재.,이끼 고블린 방패병. 깊은 곳에서 올라온 존재.
21146,이끼 고블린 방패병. 깊은 곳에서 올라온 존재.,이끼 고블린 방패병.,이끼 고블린 방패병. 깊은 곳에서 올라온 존재.,이끼 고블린 방패병. 깊은 곳에서 올라온 존재.
21147,이끼 슬라임. 깊은 곳에서 올라온 존재.,이끼 슬라임.,이끼 슬라임. 깊은 곳에서 올라온 존재.,이끼 슬라임. 깊은 곳에서 올라온 존재.
21148,이끼 슬라임. 깊은 곳에서 올라온 존재.,이끼 슬라임.,이끼 슬라임. 깊은 곳에서 올라온 존재.,이끼 슬라임. 깊은 곳에서 올라온 존재.
21152,이끼 잿빛 파수꾼. 깊은 곳에서 올라온 존재.,이끼 잿빛 파수꾼.,이끼 잿빛 파수꾼. 깊은 곳에서 올라온 존재.,이끼 잿빛 파수꾼. 깊은 곳에서 올라온 존재.
21153,이끼 잿빛 파수꾼. 깊은 곳에서 올라온 존재.,이끼 잿빛 파수꾼.,이끼 잿빛 파수꾼. 깊은 곳에서 올라온 존재.,이끼 잿빛 파수꾼. 깊은 곳에서 올라온 존재.
21154,이끼 잿빛 파수꾼. 깊은 곳에서 올라온 존재.,이끼 잿빛 파수꾼.,이끼 잿빛 파수꾼. 깊은 곳에서 올라온 존재.,이끼 잿빛 파수꾼. 깊은 곳에서 올라온 존재.
21155,이끼 슬라임. 깊은 곳에서 올라온 존재.,이끼 슬라임.,이끼 슬라임. 깊은 곳에서 올라온 존재.,이끼 슬라임. 깊은 곳에서 올라온 존재.
21156,이끼 크로우. 깊은 곳에서 올라온 존재.,이끼 크로우.,이끼 크로우. 깊은 곳에서 올라온 존재.,이끼 크로우. 깊은 곳에서 올라온 존재.
21160,이끼 심연의 거수. 깊은 곳에서 올라온 존재.,이끼 심연의 거수.,이끼 심연의 거수. 깊은 곳에서 올라온 존재.,이끼 심연의 거수. 깊은 곳에서 올라온 존재.
21161,이끼 심연의 거수. 깊은 곳에서 올라온 존재.,이끼 심연의 거수.,이끼 심연의 거수. 깊은 곳에서 올라온 존재.,이끼 심연의 거수. 깊은 곳에서 올라온 존재.
21162,이끼 심연의 거수. 깊은 곳에서 올라온 존재.,이끼 심연의 거수.,이끼 심연의 거수. 깊은 곳에서 올라온 존재.,이끼 심연의 거수. 깊은 곳에서 올라온 존재.
21163,이끼 크로우. 깊은 곳에서 올라온 존재.,이끼 크로우.,이끼 크로우. 깊은 곳에서 올라온 존재.,이끼 크로우. 깊은 곳에서 올라온 존재.
21164,이끼 정령. 깊은 곳에서 올라온 존재.,이끼 정령.,이끼 정령. 깊은 곳에서 올라온 존재.,이끼 정령. 깊은 곳에서 올라온 존재.
21168,수렁 슬라임. 깊은 곳에서 올라온 존재.,수렁 슬라임.,수렁 슬라임. 깊은 곳에서 올라온 존재.,수렁 슬라임. 깊은 곳에서 올라온 존재.
21169,수렁 슬라임. 깊은 곳에서 올라온 존재.,수렁 슬라임.,수렁 슬라임. 깊은 곳에서 올라온 존재.,수렁 슬라임. 깊은 곳에서 올라온 존재.
21170,수렁 슬라임. 깊은 곳에서 올라온 존재.,수렁 슬라임.,수렁 슬라임. 깊은 곳에서 올라온 존재.,수렁 슬라임. 깊은 곳에서 올라온 존재.
21171,수렁 정령. 깊은 곳에서 올라온 존재.,수렁 정령.,수렁 정령. 깊은 곳에서 올라온 존재.,수렁 정령. 깊은 곳에서 올라온 존재.
21172,수렁 늑대. 깊은 곳에서 올라온 존재.,수렁 늑대.,수렁 늑대. 깊은 곳에서 올라온 존재.,수렁 늑대. 깊은 곳에서 올라온 존재.
21176,수렁 슬라임. 깊은 곳에서 올라온 존재.,수렁 슬라임.,수렁 슬라임. 깊은 곳에서 올라온 존재.,수렁 슬라임. 깊은 곳에서 올라온 존재.
21177,수렁 슬라임. 깊은 곳에서 올라온 존재.,수렁 슬라임.,수렁 슬라임. 깊은 곳에서 올라온 존재.,수렁 슬라임. 깊은 곳에서 올라온 존재.
21178,수렁 슬라임. 깊은 곳에서 올라온 존재.,수렁 슬라임.,수렁 슬라임. 깊은 곳에서 올라온 존재.,수렁 슬라임. 깊은 곳에서 올라온 존재.
21179,수렁 늑대. 깊은 곳에서 올라온 존재.,수렁 늑대.,수렁 늑대. 깊은 곳에서 올라온 존재.,수렁 늑대. 깊은 곳에서 올라온 존재.
21180,수렁 고블린 창병. 깊은 곳에서 올라온 존재.,수렁 고블린 창병.,수렁 고블린 창병. 깊은 곳에서 올라온 존재.,수렁 고블린 창병. 깊은 곳에서 올라온 존재.
21184,수렁 크로우. 깊은 곳에서 올라온 존재.,수렁 크로우.,수렁 크로우. 깊은 곳에서 올라온 존재.,수렁 크로우. 깊은 곳에서 올라온 존재.
21185,수렁 크로우. 깊은 곳에서 올라온 존재.,수렁 크로우.,수렁 크로우. 깊은 곳에서 올라온 존재.,수렁 크로우. 깊은 곳에서 올라온 존재.
21186,수렁 크로우. 깊은 곳에서 올라온 존재.,수렁 크로우.,수렁 크로우. 깊은 곳에서 올라온 존재.,수렁 크로우. 깊은 곳에서 올라온 존재.
21187,수렁 고블린 창병. 깊은 곳에서 올라온 존재.,수렁 고블린 창병.,수렁 고블린 창병. 깊은 곳에서 올라온 존재.,수렁 고블린 창병. 깊은 곳에서 올라온 존재.
21188,수렁 해골 전사. 깊은 곳에서 올라온 존재.,수렁 해골 전사.,수렁 해골 전사. 깊은 곳에서 올라온 존재.,수렁 해골 전사. 깊은 곳에서 올라온 존재.
21192,수렁 정령. 깊은 곳에서 올라온 존재.,수렁 정령.,수렁 정령. 깊은 곳에서 올라온 존재.,수렁 정령. 깊은 곳에서 올라온 존재.
21193,수렁 정령. 깊은 곳에서 올라온 존재.,수렁 정령.,수렁 정령. 깊은 곳에서 올라온 존재.,수렁 정령. 깊은 곳에서 올라온 존재.
21194,수렁 정령. 깊은 곳에서 올라온 존재.,수렁 정령.,수렁 정령. 깊은 곳에서 올라온 존재.,수렁 정령. 깊은 곳에서 올라온 존재.
21195,수렁 해골 전사. 깊은 곳에서 올라온 존재.,수렁 해골 전사.,수렁 해골 전사. 깊은 곳에서 올라온 존재.,수렁 해골 전사. 깊은 곳에서 올라온 존재.
21196,수렁 고블린 방패병. 깊은 곳에서 올라온 존재.,수렁 고블린 방패병.,수렁 고블린 방패병. 깊은 곳에서 올라온 존재.,수렁 고블린 방패병. 깊은 곳에서 올라온 존재.
21200,수렁 늑대. 깊은 곳에서 올라온 존재.,수렁 늑대.,수렁 늑대. 깊은 곳에서 올라온 존재.,수렁 늑대. 깊은 곳에서 올라온 존재.
21201,수렁 늑대. 깊은 곳에서 올라온 존재.,수렁 늑대.,수렁 늑대. 깊은 곳에서 올라온 존재.,수렁 늑대. 깊은 곳에서 올라온 존재.
21202,수렁 늑대. 깊은 곳에서 올라온 존재.,수렁 늑대.,수렁 늑대. 깊은 곳에서 올라온 존재.,수렁 늑대. 깊은 곳에서 올라온 존재.
21203,수렁 고블린 방패병. 깊은 곳에서 올라온 존재.,수렁 고블린 방패병.,수렁 고블린 방패병. 깊은 곳에서 올라온 존재.,수렁 고블린 방패병. 깊은 곳에서 올라온 존재.
21204,수렁 잿빛 파수꾼. 깊은 곳에서 올라온 존재.,수렁 잿빛 파수꾼.,수렁 잿빛 파수꾼. 깊은 곳에서 올라온 존재.,수렁 잿빛 파수꾼. 깊은 곳에서 올라온 존재.
21208,수렁 고블린 창병. 깊은 곳에서 올라온 존재.,수렁 고블린 창병.,수렁 고블린 창병. 깊은 곳에서 올라온 존재.,수렁 고블린 창병. 깊은 곳에서 올라온 존재.
21209,수렁 고블린 창병. 깊은 곳에서 올라온 존재.,수렁 고블린 창병.,수렁 고블린 창병. 깊은 곳에서 올라온 존재.,수렁 고블린 창병. 깊은 곳에서 올라온 존재.
21210,수렁 고블린 창병. 깊은 곳에서 올라온 존재.,수렁 고블린 창병.,수렁 고블린 창병. 깊은 곳에서 올라온 존재.,수렁 고블린 창병. 깊은 곳에서 올라온 존재.
21211,수렁 잿빛 파수꾼. 깊은 곳에서 올라온 존재.,수렁 잿빛 파수꾼.,수렁 잿빛 파수꾼. 깊은 곳에서 올라온 존재.,수렁 잿빛 파수꾼. 깊은 곳에서 올라온 존재.
21212,수렁 심연의 거수. 깊은 곳에서 올라온 존재.,수렁 심연의 거수.,수렁 심연의 거수. 깊은 곳에서 올라온 존재.,수렁 심연의 거수. 깊은 곳에서 올라온 존재.
21216,수렁 해골 전사. 깊은 곳에서 올라온 존재.,수렁 해골 전사.,수렁 해골 전사. 깊은 곳에서 올라온 존재.,수렁 해골 전사. 깊은 곳에서 올라온 존재.
21217,수렁 해골 전사. 깊은 곳에서 올라온 존재.,수렁 해골 전사.,수렁 해골 전사. 깊은 곳에서 올라온 존재.,수렁 해골 전사. 깊은 곳에서 올라온 존재.
21218,수렁 해골 전사. 깊은 곳에서 올라온 존재.,수렁 해골 전사.,수렁 해골 전사. 깊은 곳에서 올라온 존재.,수렁 해골 전사. 깊은 곳에서 올라온 존재.
21219,수렁 심연의 거수. 깊은 곳에서 올라온 존재.,수렁 심연의 거수.,수렁 심연의 거수. 깊은 곳에서 올라온 존재.,수렁 심연의 거수. 깊은 곳에서 올라온 존재.
21220,수렁 슬라임. 깊은 곳에서 올라온 존재.,수렁 슬라임.,수렁 슬라임. 깊은 곳에서 올라온 존재.,수렁 슬라임. 깊은 곳에서 올라온 존재.
21224,수렁 고블린 방패병. 깊은 곳에서 올라온 존재.,수렁 고블린 방패병.,수렁 고블린 방패병. 깊은 곳에서 올라온 존재.,수렁 고블린 방패병. 깊은 곳에서 올라온 존재.
21225,수렁 고블린 방패병. 깊은 곳에서 올라온 존재.,수렁 고블린 방패병.,수렁 고블린 방패병. 깊은 곳에서 올라온 존재.,수렁 고블린 방패병. 깊은 곳에서 올라온 존재.
21226,수렁 고블린 방패병. 깊은 곳에서 올라온 존재.,수렁 고블린 방패병.,수렁 고블린 방패병. 깊은 곳에서 올라온 존재.,수렁 고블린 방패병. 깊은 곳에서 올라온 존재.
21227,수렁 슬라임. 깊은 곳에서 올라온 존재.,수렁 슬라임.,수렁 슬라임. 깊은 곳에서 올라온 존재.,수렁 슬라임. 깊은 곳에서 올라온 존재.
21228,수렁 슬라임. 깊은 곳에서 올라온 존재.,수렁 슬라임.,수렁 슬라임. 깊은 곳에서 올라온 존재.,수렁 슬라임. 깊은 곳에서 올라온 존재.
21232,수렁 잿빛 파수꾼. 깊은 곳에서 올라온 존재.,수렁 잿빛 파수꾼.,수렁 잿빛 파수꾼. 깊은 곳에서 올라온 존재.,수렁 잿빛 파수꾼. 깊은 곳에서 올라온 존재.
21233,수렁 잿빛 파수꾼. 깊은 곳에서 올라온 존재.,수렁 잿빛 파수꾼.,수렁 잿빛 파수꾼. 깊은 곳에서 올라온 존재.,수렁 잿빛 파수꾼. 깊은 곳에서 올라온 존재.
21234,수렁 잿빛 파수꾼. 깊은 곳에서 올라온 존재.,수렁 잿빛 파수꾼.,수렁 잿빛 파수꾼. 깊은 곳에서 올라온 존재.,수렁 잿빛 파수꾼. 깊은 곳에서 올라온 존재.
21235,수렁 슬라임. 깊은 곳에서 올라온 존재.,수렁 슬라임.,수렁 슬라임. 깊은 곳에서 올라온 존재.,수렁 슬라임. 깊은 곳에서 올라온 존재.
21236,수렁 크로우. 깊은 곳에서 올라온 존재.,수렁 크로우.,수렁 크로우. 깊은 곳에서 올라온 존재.,수렁 크로우. 깊은 곳에서 올라온 존재.
21240,수렁 심연의 거수. 깊은 곳에서 올라온 존재.,수렁 심연의 거수.,수렁 심연의 거수. 깊은 곳에서 올라온 존재.,수렁 심연의 거수. 깊은 곳에서 올라온 존재.
21241,수렁 심연의 거수. 깊은 곳에서 올라온 존재.,수렁 심연의 거수.,수렁 심연의 거수. 깊은 곳에서 올라온 존재.,수렁 심연의 거수. 깊은 곳에서 올라온 존재.
21242,수렁 심연의 거수. 깊은 곳에서 올라온 존재.,수렁 심연의 거수.,수렁 심연의 거수. 깊은 곳에서 올라온 존재.,수렁 심연의 거수. 깊은 곳에서 올라온 존재.
21243,수렁 크로우. 깊은 곳에서 올라온 존재.,수렁 크로우.,수렁 크로우. 깊은 곳에서 올라온 존재.,수렁 크로우. 깊은 곳에서 올라온 존재.
21244,수렁 정령. 깊은 곳에서 올라온 존재.,수렁 정령.,수렁 정령. 깊은 곳에서 올라온 존재.,수렁 정령. 깊은 곳에서 올라온 존재.
21248,수렁 슬라임. 깊은 곳에서 올라온 존재.,수렁 슬라임.,수렁 슬라임. 깊은 곳에서 올라온 존재.,수렁 슬라임. 깊은 곳에서 올라온 존재.
21249,수렁 슬라임. 깊은 곳에서 올라온 존재.,수렁 슬라임.,수렁 슬라임. 깊은 곳에서 올라온 존재.,수렁 슬라임. 깊은 곳에서 올라온 존재.
21250,수렁 슬라임. 깊은 곳에서 올라온 존재.,수렁 슬라임.,수렁 슬라임. 깊은 곳에서 올라온 존재.,수렁 슬라임. 깊은 곳에서 올라온 존재.
21251,수렁 정령. 깊은 곳에서 올라온 존재.,수렁 정령.,수렁 정령. 깊은 곳에서 올라온 존재.,수렁 정령. 깊은 곳에서 올라온 존재.
21252,수렁 늑대. 깊은 곳에서 올라온 존재.,수렁 늑대.,수렁 늑대. 깊은 곳에서 올라온 존재.,수렁 늑대. 깊은 곳에서 올라온 존재.
21256,수렁 슬라임. 깊은 곳에서 올라온 존재.,수렁 슬라임.,수렁 슬라임. 깊은 곳에서 올라온 존재.,수렁 슬라임. 깊은 곳에서 올라온 존재.
21257,수렁 슬라임. 깊은 곳에서 올라온 존재.,수렁 슬라임.,수렁 슬라임. 깊은 곳에서 올라온 존재.,수렁 슬라임. 깊은 곳에서 올라온 존재.
21258,수렁 슬라임. 깊은 곳에서 올라온 존재.,수렁 슬라임.,수렁 슬라임. 깊은 곳에서 올라온 존재.,수렁 슬라임. 깊은 곳에서 올라온 존재.
21259,수렁 늑대. 깊은 곳에서 올라온 존재.,수렁 늑대.,수렁 늑대. 깊은 곳에서 올라온 존재.,수렁 늑대. 깊은 곳에서 올라온 존재.
21260,수렁 고블린 창병. 깊은 곳에서 올라온 존재.,수렁 고블린 창병.,수렁 고블린 창병. 깊은 곳에서 올라온 존재.,수렁 고블린 창병. 깊은 곳에서 올라온 존재.
21264,수렁 크로우. 깊은 곳에서 올라온 존재.,수렁 크로우.,수렁 크로우. 깊은 곳에서 올라온 존재.,수렁 크로우. 깊은 곳에서 올라온 존재.
21265,수렁 크로우. 깊은 곳에서 올라온 존재.,수렁 크로우.,수렁 크로우. 깊은 곳에서 올라온 존재.,수렁 크로우. 깊은 곳에서 올라온 존재.
21266,수렁 크로우. 깊은 곳에서 올라온 존재.,수렁 크로우.,수렁 크로우. 깊은 곳에서 올라온 존재.,수렁 크로우. 깊은 곳에서 올라온 존재.
21267,수렁 고블린 창병. 깊은 곳에서 올라온 존재.,수렁 고블린 창병.,수렁 고블린 창병. 깊은 곳에서 올라온 존재.,수렁 고블린 창병. 깊은 곳에서 올라온 존재.
21268,수렁 해골 전사. 깊은 곳에서 올라온 존재.,수렁 해골 전사.,수렁 해골 전사. 깊은 곳에서 올라온 존재.,수렁 해골 전사. 깊은 곳에서 올라온 존재.
21272,수렁 정령. 깊은 곳에서 올라온 존재.,수렁 정령.,수렁 정령. 깊은 곳에서 올라온 존재.,수렁 정령. 깊은 곳에서 올라온 존재.
21273,수렁 정령. 깊은 곳에서 올라온 존재.,수렁 정령.,수렁 정령. 깊은 곳에서 올라온 존재.,수렁 정령. 깊은 곳에서 올라온 존재.
21274,수렁 정령. 깊은 곳에서 올라온 존재.,수렁 정령.,수렁 정령. 깊은 곳에서 올라온 존재.,수렁 정령. 깊은 곳에서 올라온 존재.
21275,수렁 해골 전사. 깊은 곳에서 올라온 존재.,수렁 해골 전사.,수렁 해골 전사. 깊은 곳에서 올라온 존재.,수렁 해골 전사. 깊은 곳에서 올라온 존재.
21276,수렁 고블린 방패병. 깊은 곳에서 올라온 존재.,수렁 고블린 방패병.,수렁 고블린 방패병. 깊은 곳에서 올라온 존재.,수렁 고블린 방패병. 깊은 곳에서 올라온 존재.
21280,수렁 늑대. 깊은 곳에서 올라온 존재.,수렁 늑대.,수렁 늑대. 깊은 곳에서 올라온 존재.,수렁 늑대. 깊은 곳에서 올라온 존재.
21281,수렁 늑대. 깊은 곳에서 올라온 존재.,수렁 늑대.,수렁 늑대. 깊은 곳에서 올라온 존재.,수렁 늑대. 깊은 곳에서 올라온 존재.
21282,수렁 늑대. 깊은 곳에서 올라온 존재.,수렁 늑대.,수렁 늑대. 깊은 곳에서 올라온 존재.,수렁 늑대. 깊은 곳에서 올라온 존재.
21283,수렁 고블린 방패병. 깊은 곳에서 올라온 존재.,수렁 고블린 방패병.,수렁 고블린 방패병. 깊은 곳에서 올라온 존재.,수렁 고블린 방패병. 깊은 곳에서 올라온 존재.
21284,수렁 잿빛 파수꾼. 깊은 곳에서 올라온 존재.,수렁 잿빛 파수꾼.,수렁 잿빛 파수꾼. 깊은 곳에서 올라온 존재.,수렁 잿빛 파수꾼. 깊은 곳에서 올라온 존재.
21288,수렁 고블린 창병. 깊은 곳에서 올라온 존재.,수렁 고블린 창병.,수렁 고블린 창병. 깊은 곳에서 올라온 존재.,수렁 고블린 창병. 깊은 곳에서 올라온 존재.
21289,수렁 고블린 창병. 깊은 곳에서 올라온 존재.,수렁 고블린 창병.,수렁 고블린 창병. 깊은 곳에서 올라온 존재.,수렁 고블린 창병. 깊은 곳에서 올라온 존재.
21290,수렁 고블린 창병. 깊은 곳에서 올라온 존재.,수렁 고블린 창병.,수렁 고블린 창병. 깊은 곳에서 올라온 존재.,수렁 고블린 창병. 깊은 곳에서 올라온 존재.
21291,수렁 잿빛 파수꾼. 깊은 곳에서 올라온 존재.,수렁 잿빛 파수꾼.,수렁 잿빛 파수꾼. 깊은 곳에서 올라온 존재.,수렁 잿빛 파수꾼. 깊은 곳에서 올라온 존재.
21292,수렁 심연의 거수. 깊은 곳에서 올라온 존재.,수렁 심연의 거수.,수렁 심연의 거수. 깊은 곳에서 올라온 존재.,수렁 심연의 거수. 깊은 곳에서 올라온 존재.
21296,수렁 해골 전사. 깊은 곳에서 올라온 존재.,수렁 해골 전사.,수렁 해골 전사. 깊은 곳에서 올라온 존재.,수렁 해골 전사. 깊은 곳에서 올라온 존재.
21297,수렁 해골 전사. 깊은 곳에서 올라온 존재.,수렁 해골 전사.,수렁 해골 전사. 깊은 곳에서 올라온 존재.,수렁 해골 전사. 깊은 곳에서 올라온 존재.
21298,수렁 해골 전사. 깊은 곳에서 올라온 존재.,수렁 해골 전사.,수렁 해골 전사. 깊은 곳에서 올라온 존재.,수렁 해골 전사. 깊은 곳에서 올라온 존재.
21299,수렁 심연의 거수. 깊은 곳에서 올라온 존재.,수렁 심연의 거수.,수렁 심연의 거수. 깊은 곳에서 올라온 존재.,수렁 심연의 거수. 깊은 곳에서 올라온 존재.
21300,수렁 슬라임. 깊은 곳에서 올라온 존재.,수렁 슬라임.,수렁 슬라임. 깊은 곳에서 올라온 존재.,수렁 슬라임. 깊은 곳에서 올라온 존재.
21304,수렁 고블린 방패병. 깊은 곳에서 올라온 존재.,수렁 고블린 방패병.,수렁 고블린 방패병. 깊은 곳에서 올라온 존재.,수렁 고블린 방패병. 깊은 곳에서 올라온 존재.
21305,수렁 고블린 방패병. 깊은 곳에서 올라온 존재.,수렁 고블린 방패병.,수렁 고블린 방패병. 깊은 곳에서 올라온 존재.,수렁 고블린 방패병. 깊은 곳에서 올라온 존재.
21306,수렁 고블린 방패병. 깊은 곳에서 올라온 존재.,수렁 고블린 방패병.,수렁 고블린 방패병. 깊은 곳에서 올라온 존재.,수렁 고블린 방패병. 깊은 곳에서 올라온 존재.
21307,수렁 슬라임. 깊은 곳에서 올라온 존재.,수렁 슬라임.,수렁 슬라임. 깊은 곳에서 올라온 존재.,수렁 슬라임. 깊은 곳에서 올라온 존재.
21308,수렁 슬라임. 깊은 곳에서 올라온 존재.,수렁 슬라임.,수렁 슬라임. 깊은 곳에서 올라온 존재.,수렁 슬라임. 깊은 곳에서 올라온 존재.
21312,수렁 잿빛 파수꾼. 깊은 곳에서 올라온 존재.,수렁 잿빛 파수꾼.,수렁 잿빛 파수꾼. 깊은 곳에서 올라온 존재.,수렁 잿빛 파수꾼. 깊은 곳에서 올라온 존재.
21313,수렁 잿빛 파수꾼. 깊은 곳에서 올라온 존재.,수렁 잿빛 파수꾼.,수렁 잿빛 파수꾼. 깊은 곳에서 올라온 존재.,수렁 잿빛 파수꾼. 깊은 곳에서 올라온 존재.
21314,수렁 잿빛 파수꾼. 깊은 곳에서 올라온 존재.,수렁 잿빛 파수꾼.,수렁 잿빛 파수꾼. 깊은 곳에서 올라온 존재.,수렁 잿빛 파수꾼. 깊은 곳에서 올라온 존재.
21315,수렁 슬라임. 깊은 곳에서 올라온 존재.,수렁 슬라임.,수렁 슬라임. 깊은 곳에서 올라온 존재.,수렁 슬라임. 깊은 곳에서 올라온 존재.
21316,수렁 크로우. 깊은 곳에서 올라온 존재.,수렁 크로우.,수렁 크로우. 깊은 곳에서 올라온 존재.,수렁 크로우. 깊은 곳에서 올라온 존재.
21320,수렁 심연의 거수. 깊은 곳에서 올라온 존재.,수렁 심연의 거수.,수렁 심연의 거수. 깊은 곳에서 올라온 존재.,수렁 심연의 거수. 깊은 곳에서 올라온 존재.
21321,수렁 심연의 거수. 깊은 곳에서 올라온 존재.,수렁 심연의 거수.,수렁 심연의 거수. 깊은 곳에서 올라온 존재.,수렁 심연의 거수. 깊은 곳에서 올라온 존재.
21322,수렁 심연의 거수. 깊은 곳에서 올라온 존재.,수렁 심연의 거수.,수렁 심연의 거수. 깊은 곳에서 올라온 존재.,수렁 심연의 거수. 깊은 곳에서 올라온 존재.
21323,수렁 크로우. 깊은 곳에서 올라온 존재.,수렁 크로우.,수렁 크로우. 깊은 곳에서 올라온 존재.,수렁 크로우. 깊은 곳에서 올라온 존재.
21324,수렁 정령. 깊은 곳에서 올라온 존재.,수렁 정령.,수렁 정령. 깊은 곳에서 올라온 존재.,수렁 정령. 깊은 곳에서 올라온 존재.
21328,잿불 슬라임. 깊은 곳에서 올라온 존재.,잿불 슬라임.,잿불 슬라임. 깊은 곳에서 올라온 존재.,잿불 슬라임. 깊은 곳에서 올라온 존재.
21329,잿불 슬라임. 깊은 곳에서 올라온 존재.,잿불 슬라임.,잿불 슬라임. 깊은 곳에서 올라온 존재.,잿불 슬라임. 깊은 곳에서 올라온 존재.
21330,잿불 슬라임. 깊은 곳에서 올라온 존재.,잿불 슬라임.,잿불 슬라임. 깊은 곳에서 올라온 존재.,잿불 슬라임. 깊은 곳에서 올라온 존재.
21331,잿불 정령. 깊은 곳에서 올라온 존재.,잿불 정령.,잿불 정령. 깊은 곳에서 올라온 존재.,잿불 정령. 깊은 곳에서 올라온 존재.
21332,잿불 늑대. 깊은 곳에서 올라온 존재.,잿불 늑대.,잿불 늑대. 깊은 곳에서 올라온 존재.,잿불 늑대. 깊은 곳에서 올라온 존재.
21336,잿불 슬라임. 깊은 곳에서 올라온 존재.,잿불 슬라임.,잿불 슬라임. 깊은 곳에서 올라온 존재.,잿불 슬라임. 깊은 곳에서 올라온 존재.
21337,잿불 슬라임. 깊은 곳에서 올라온 존재.,잿불 슬라임.,잿불 슬라임. 깊은 곳에서 올라온 존재.,잿불 슬라임. 깊은 곳에서 올라온 존재.
21338,잿불 슬라임. 깊은 곳에서 올라온 존재.,잿불 슬라임.,잿불 슬라임. 깊은 곳에서 올라온 존재.,잿불 슬라임. 깊은 곳에서 올라온 존재.
21339,잿불 늑대. 깊은 곳에서 올라온 존재.,잿불 늑대.,잿불 늑대. 깊은 곳에서 올라온 존재.,잿불 늑대. 깊은 곳에서 올라온 존재.
21340,잿불 고블린 창병. 깊은 곳에서 올라온 존재.,잿불 고블린 창병.,잿불 고블린 창병. 깊은 곳에서 올라온 존재.,잿불 고블린 창병. 깊은 곳에서 올라온 존재.
21344,잿불 크로우. 깊은 곳에서 올라온 존재.,잿불 크로우.,잿불 크로우. 깊은 곳에서 올라온 존재.,잿불 크로우. 깊은 곳에서 올라온 존재.
21345,잿불 크로우. 깊은 곳에서 올라온 존재.,잿불 크로우.,잿불 크로우. 깊은 곳에서 올라온 존재.,잿불 크로우. 깊은 곳에서 올라온 존재.
21346,잿불 크로우. 깊은 곳에서 올라온 존재.,잿불 크로우.,잿불 크로우. 깊은 곳에서 올라온 존재.,잿불 크로우. 깊은 곳에서 올라온 존재.
21347,잿불 고블린 창병. 깊은 곳에서 올라온 존재.,잿불 고블린 창병.,잿불 고블린 창병. 깊은 곳에서 올라온 존재.,잿불 고블린 창병. 깊은 곳에서 올라온 존재.
21348,잿불 해골 전사. 깊은 곳에서 올라온 존재.,잿불 해골 전사.,잿불 해골 전사. 깊은 곳에서 올라온 존재.,잿불 해골 전사. 깊은 곳에서 올라온 존재.
21352,잿불 정령. 깊은 곳에서 올라온 존재.,잿불 정령.,잿불 정령. 깊은 곳에서 올라온 존재.,잿불 정령. 깊은 곳에서 올라온 존재.
21353,잿불 정령. 깊은 곳에서 올라온 존재.,잿불 정령.,잿불 정령. 깊은 곳에서 올라온 존재.,잿불 정령. 깊은 곳에서 올라온 존재.
21354,잿불 정령. 깊은 곳에서 올라온 존재.,잿불 정령.,잿불 정령. 깊은 곳에서 올라온 존재.,잿불 정령. 깊은 곳에서 올라온 존재.
21355,잿불 해골 전사. 깊은 곳에서 올라온 존재.,잿불 해골 전사.,잿불 해골 전사. 깊은 곳에서 올라온 존재.,잿불 해골 전사. 깊은 곳에서 올라온 존재.
21356,잿불 고블린 방패병. 깊은 곳에서 올라온 존재.,잿불 고블린 방패병.,잿불 고블린 방패병. 깊은 곳에서 올라온 존재.,잿불 고블린 방패병. 깊은 곳에서 올라온 존재.
21360,잿불 늑대. 깊은 곳에서 올라온 존재.,잿불 늑대.,잿불 늑대. 깊은 곳에서 올라온 존재.,잿불 늑대. 깊은 곳에서 올라온 존재.
21361,잿불 늑대. 깊은 곳에서 올라온 존재.,잿불 늑대.,잿불 늑대. 깊은 곳에서 올라온 존재.,잿불 늑대. 깊은 곳에서 올라온 존재.
21362,잿불 늑대. 깊은 곳에서 올라온 존재.,잿불 늑대.,잿불 늑대. 깊은 곳에서 올라온 존재.,잿불 늑대. 깊은 곳에서 올라온 존재.
21363,잿불 고블린 방패병. 깊은 곳에서 올라온 존재.,잿불 고블린 방패병.,잿불 고블린 방패병. 깊은 곳에서 올라온 존재.,잿불 고블린 방패병. 깊은 곳에서 올라온 존재.
21364,잿불 잿빛 파수꾼. 깊은 곳에서 올라온 존재.,잿불 잿빛 파수꾼.,잿불 잿빛 파수꾼. 깊은 곳에서 올라온 존재.,잿불 잿빛 파수꾼. 깊은 곳에서 올라온 존재.
21368,잿불 고블린 창병. 깊은 곳에서 올라온 존재.,잿불 고블린 창병.,잿불 고블린 창병. 깊은 곳에서 올라온 존재.,잿불 고블린 창병. 깊은 곳에서 올라온 존재.
21369,잿불 고블린 창병. 깊은 곳에서 올라온 존재.,잿불 고블린 창병.,잿불 고블린 창병. 깊은 곳에서 올라온 존재.,잿불 고블린 창병. 깊은 곳에서 올라온 존재.
21370,잿불 고블린 창병. 깊은 곳에서 올라온 존재.,잿불 고블린 창병.,잿불 고블린 창병. 깊은 곳에서 올라온 존재.,잿불 고블린 창병. 깊은 곳에서 올라온 존재.
21371,잿불 잿빛 파수꾼. 깊은 곳에서 올라온 존재.,잿불 잿빛 파수꾼.,잿불 잿빛 파수꾼. 깊은 곳에서 올라온 존재.,잿불 잿빛 파수꾼. 깊은 곳에서 올라온 존재.
21372,잿불 심연의 거수. 깊은 곳에서 올라온 존재.,잿불 심연의 거수.,잿불 심연의 거수. 깊은 곳에서 올라온 존재.,잿불 심연의 거수. 깊은 곳에서 올라온 존재.
21376,잿불 해골 전사. 깊은 곳에서 올라온 존재.,잿불 해골 전사.,잿불 해골 전사. 깊은 곳에서 올라온 존재.,잿불 해골 전사. 깊은 곳에서 올라온 존재.
21377,잿불 해골 전사. 깊은 곳에서 올라온 존재.,잿불 해골 전사.,잿불 해골 전사. 깊은 곳에서 올라온 존재.,잿불 해골 전사. 깊은 곳에서 올라온 존재.
21378,잿불 해골 전사. 깊은 곳에서 올라온 존재.,잿불 해골 전사.,잿불 해골 전사. 깊은 곳에서 올라온 존재.,잿불 해골 전사. 깊은 곳에서 올라온 존재.
21379,잿불 심연의 거수. 깊은 곳에서 올라온 존재.,잿불 심연의 거수.,잿불 심연의 거수. 깊은 곳에서 올라온 존재.,잿불 심연의 거수. 깊은 곳에서 올라온 존재.
21380,잿불 슬라임. 깊은 곳에서 올라온 존재.,잿불 슬라임.,잿불 슬라임. 깊은 곳에서 올라온 존재.,잿불 슬라임. 깊은 곳에서 올라온 존재.
21384,잿불 고블린 방패병. 깊은 곳에서 올라온 존재.,잿불 고블린 방패병.,잿불 고블린 방패병. 깊은 곳에서 올라온 존재.,잿불 고블린 방패병. 깊은 곳에서 올라온 존재.
21385,잿불 고블린 방패병. 깊은 곳에서 올라온 존재.,잿불 고블린 방패병.,잿불 고블린 방패병. 깊은 곳에서 올라온 존재.,잿불 고블린 방패병. 깊은 곳에서 올라온 존재.
21386,잿불 고블린 방패병. 깊은 곳에서 올라온 존재.,잿불 고블린 방패병.,잿불 고블린 방패병. 깊은 곳에서 올라온 존재.,잿불 고블린 방패병. 깊은 곳에서 올라온 존재.
21387,잿불 슬라임. 깊은 곳에서 올라온 존재.,잿불 슬라임.,잿불 슬라임. 깊은 곳에서 올라온 존재.,잿불 슬라임. 깊은 곳에서 올라온 존재.
21388,잿불 슬라임. 깊은 곳에서 올라온 존재.,잿불 슬라임.,잿불 슬라임. 깊은 곳에서 올라온 존재.,잿불 슬라임. 깊은 곳에서 올라온 존재.
21392,잿불 잿빛 파수꾼. 깊은 곳에서 올라온 존재.,잿불 잿빛 파수꾼.,잿불 잿빛 파수꾼. 깊은 곳에서 올라온 존재.,잿불 잿빛 파수꾼. 깊은 곳에서 올라온 존재.
21393,잿불 잿빛 파수꾼. 깊은 곳에서 올라온 존재.,잿불 잿빛 파수꾼.,잿불 잿빛 파수꾼. 깊은 곳에서 올라온 존재.,잿불 잿빛 파수꾼. 깊은 곳에서 올라온 존재.
21394,잿불 잿빛 파수꾼. 깊은 곳에서 올라온 존재.,잿불 잿빛 파수꾼.,잿불 잿빛 파수꾼. 깊은 곳에서 올라온 존재.,잿불 잿빛 파수꾼. 깊은 곳에서 올라온 존재.
21395,잿불 슬라임. 깊은 곳에서 올라온 존재.,잿불 슬라임.,잿불 슬라임. 깊은 곳에서 올라온 존재.,잿불 슬라임. 깊은 곳에서 올라온 존재.
21396,잿불 크로우. 깊은 곳에서 올라온 존재.,잿불 크로우.,잿불 크로우. 깊은 곳에서 올라온 존재.,잿불 크로우. 깊은 곳에서 올라온 존재.
21400,잿불 심연의 거수. 깊은 곳에서 올라온 존재.,잿불 심연의 거수.,잿불 심연의 거수. 깊은 곳에서 올라온 존재.,잿불 심연의 거수. 깊은 곳에서 올라온 존재.
21401,잿불 심연의 거수. 깊은 곳에서 올라온 존재.,잿불 심연의 거수.,잿불 심연의 거수. 깊은 곳에서 올라온 존재.,잿불 심연의 거수. 깊은 곳에서 올라온 존재.
21402,잿불 심연의 거수. 깊은 곳에서 올라온 존재.,잿불 심연의 거수.,잿불 심연의 거수. 깊은 곳에서 올라온 존재.,잿불 심연의 거수. 깊은 곳에서 올라온 존재.
21403,잿불 크로우. 깊은 곳에서 올라온 존재.,잿불 크로우.,잿불 크로우. 깊은 곳에서 올라온 존재.,잿불 크로우. 깊은 곳에서 올라온 존재.
21404,잿불 정령. 깊은 곳에서 올라온 존재.,잿불 정령.,잿불 정령. 깊은 곳에서 올라온 존재.,잿불 정령. 깊은 곳에서 올라온 존재.
21408,잿불 슬라임. 깊은 곳에서 올라온 존재.,잿불 슬라임.,잿불 슬라임. 깊은 곳에서 올라온 존재.,잿불 슬라임. 깊은 곳에서 올라온 존재.
21409,잿불 슬라임. 깊은 곳에서 올라온 존재.,잿불 슬라임.,잿불 슬라임. 깊은 곳에서 올라온 존재.,잿불 슬라임. 깊은 곳에서 올라온 존재.
21410,잿불 슬라임. 깊은 곳에서 올라온 존재.,잿불 슬라임.,잿불 슬라임. 깊은 곳에서 올라온 존재.,잿불 슬라임. 깊은 곳에서 올라온 존재.
21411,잿불 정령. 깊은 곳에서 올라온 존재.,잿불 정령.,잿불 정령. 깊은 곳에서 올라온 존재.,잿불 정령. 깊은 곳에서 올라온 존재.
21412,잿불 늑대. 깊은 곳에서 올라온 존재.,잿불 늑대.,잿불 늑대. 깊은 곳에서 올라온 존재.,잿불 늑대. 깊은 곳에서 올라온 존재.
21416,잿불 슬라임. 깊은 곳에서 올라온 존재.,잿불 슬라임.,잿불 슬라임. 깊은 곳에서 올라온 존재.,잿불 슬라임. 깊은 곳에서 올라온 존재.
21417,잿불 슬라임. 깊은 곳에서 올라온 존재.,잿불 슬라임.,잿불 슬라임. 깊은 곳에서 올라온 존재.,잿불 슬라임. 깊은 곳에서 올라온 존재.
21418,잿불 슬라임. 깊은 곳에서 올라온 존재.,잿불 슬라임.,잿불 슬라임. 깊은 곳에서 올라온 존재.,잿불 슬라임. 깊은 곳에서 올라온 존재.
21419,잿불 늑대. 깊은 곳에서 올라온 존재.,잿불 늑대.,잿불 늑대. 깊은 곳에서 올라온 존재.,잿불 늑대. 깊은 곳에서 올라온 존재.
21420,잿불 고블린 창병. 깊은 곳에서 올라온 존재.,잿불 고블린 창병.,잿불 고블린 창병. 깊은 곳에서 올라온 존재.,잿불 고블린 창병. 깊은 곳에서 올라온 존재.
21424,잿불 크로우. 깊은 곳에서 올라온 존재.,잿불 크로우.,잿불 크로우. 깊은 곳에서 올라온 존재.,잿불 크로우. 깊은 곳에서 올라온 존재.
21425,잿불 크로우. 깊은 곳에서 올라온 존재.,잿불 크로우.,잿불 크로우. 깊은 곳에서 올라온 존재.,잿불 크로우. 깊은 곳에서 올라온 존재.
21426,잿불 크로우. 깊은 곳에서 올라온 존재.,잿불 크로우.,잿불 크로우. 깊은 곳에서 올라온 존재.,잿불 크로우. 깊은 곳에서 올라온 존재.
21427,잿불 고블린 창병. 깊은 곳에서 올라온 존재.,잿불 고블린 창병.,잿불 고블린 창병. 깊은 곳에서 올라온 존재.,잿불 고블린 창병. 깊은 곳에서 올라온 존재.
21428,잿불 해골 전사. 깊은 곳에서 올라온 존재.,잿불 해골 전사.,잿불 해골 전사. 깊은 곳에서 올라온 존재.,잿불 해골 전사. 깊은 곳에서 올라온 존재.
21432,잿불 정령. 깊은 곳에서 올라온 존재.,잿불 정령.,잿불 정령. 깊은 곳에서 올라온 존재.,잿불 정령. 깊은 곳에서 올라온 존재.
21433,잿불 정령. 깊은 곳에서 올라온 존재.,잿불 정령.,잿불 정령. 깊은 곳에서 올라온 존재.,잿불 정령. 깊은 곳에서 올라온 존재.
21434,잿불 정령. 깊은 곳에서 올라온 존재.,잿불 정령.,잿불 정령. 깊은 곳에서 올라온 존재.,잿불 정령. 깊은 곳에서 올라온 존재.
21435,잿불 해골 전사. 깊은 곳에서 올라온 존재.,잿불 해골 전사.,잿불 해골 전사. 깊은 곳에서 올라온 존재.,잿불 해골 전사. 깊은 곳에서 올라온 존재.
21436,잿불 고블린 방패병. 깊은 곳에서 올라온 존재.,잿불 고블린 방패병.,잿불 고블린 방패병. 깊은 곳에서 올라온 존재.,잿불 고블린 방패병. 깊은 곳에서 올라온 존재.
21440,잿불 늑대. 깊은 곳에서 올라온 존재.,잿불 늑대.,잿불 늑대. 깊은 곳에서 올라온 존재.,잿불 늑대. 깊은 곳에서 올라온 존재.
21441,잿불 늑대. 깊은 곳에서 올라온 존재.,잿불 늑대.,잿불 늑대. 깊은 곳에서 올라온 존재.,잿불 늑대. 깊은 곳에서 올라온 존재.
21442,잿불 늑대. 깊은 곳에서 올라온 존재.,잿불 늑대.,잿불 늑대. 깊은 곳에서 올라온 존재.,잿불 늑대. 깊은 곳에서 올라온 존재.
21443,잿불 고블린 방패병. 깊은 곳에서 올라온 존재.,잿불 고블린 방패병.,잿불 고블린 방패병. 깊은 곳에서 올라온 존재.,잿불 고블린 방패병. 깊은 곳에서 올라온 존재.
21444,잿불 잿빛 파수꾼. 깊은 곳에서 올라온 존재.,잿불 잿빛 파수꾼.,잿불 잿빛 파수꾼. 깊은 곳에서 올라온 존재.,잿불 잿빛 파수꾼. 깊은 곳에서 올라온 존재.
21448,잿불 고블린 창병. 깊은 곳에서 올라온 존재.,잿불 고블린 창병.,잿불 고블린 창병. 깊은 곳에서 올라온 존재.,잿불 고블린 창병. 깊은 곳에서 올라온 존재.
21449,잿불 고블린 창병. 깊은 곳에서 올라온 존재.,잿불 고블린 창병.,잿불 고블린 창병. 깊은 곳에서 올라온 존재.,잿불 고블린 창병. 깊은 곳에서 올라온 존재.
21450,잿불 고블린 창병. 깊은 곳에서 올라온 존재.,잿불 고블린 창병.,잿불 고블린 창병. 깊은 곳에서 올라온 존재.,잿불 고블린 창병. 깊은 곳에서 올라온 존재.
21451,잿불 잿빛 파수꾼. 깊은 곳에서 올라온 존재.,잿불 잿빛 파수꾼.,잿불 잿빛 파수꾼. 깊은 곳에서 올라온 존재.,잿불 잿빛 파수꾼. 깊은 곳에서 올라온 존재.
21452,잿불 심연의 거수. 깊은 곳에서 올라온 존재.,잿불 심연의 거수.,잿불 심연의 거수. 깊은 곳에서 올라온 존재.,잿불 심연의 거수. 깊은 곳에서 올라온 존재.
21456,잿불 해골 전사. 깊은 곳에서 올라온 존재.,잿불 해골 전사.,잿불 해골 전사. 깊은 곳에서 올라온 존재.,잿불 해골 전사. 깊은 곳에서 올라온 존재.
21457,잿불 해골 전사. 깊은 곳에서 올라온 존재.,잿불 해골 전사.,잿불 해골 전사. 깊은 곳에서 올라온 존재.,잿불 해골 전사. 깊은 곳에서 올라온 존재.
21458,잿불 해골 전사. 깊은 곳에서 올라온 존재.,잿불 해골 전사.,잿불 해골 전사. 깊은 곳에서 올라온 존재.,잿불 해골 전사. 깊은 곳에서 올라온 존재.
21459,잿불 심연의 거수. 깊은 곳에서 올라온 존재.,잿불 심연의 거수.,잿불 심연의 거수. 깊은 곳에서 올라온 존재.,잿불 심연의 거수. 깊은 곳에서 올라온 존재.
21460,잿불 슬라임. 깊은 곳에서 올라온 존재.,잿불 슬라임.,잿불 슬라임. 깊은 곳에서 올라온 존재.,잿불 슬라임. 깊은 곳에서 올라온 존재.
21464,잿불 고블린 방패병. 깊은 곳에서 올라온 존재.,잿불 고블린 방패병.,잿불 고블린 방패병. 깊은 곳에서 올라온 존재.,잿불 고블린 방패병. 깊은 곳에서 올라온 존재.
21465,잿불 고블린 방패병. 깊은 곳에서 올라온 존재.,잿불 고블린 방패병.,잿불 고블린 방패병. 깊은 곳에서 올라온 존재.,잿불 고블린 방패병. 깊은 곳에서 올라온 존재.
21466,잿불 고블린 방패병. 깊은 곳에서 올라온 존재.,잿불 고블린 방패병.,잿불 고블린 방패병. 깊은 곳에서 올라온 존재.,잿불 고블린 방패병. 깊은 곳에서 올라온 존재.
21467,잿불 슬라임. 깊은 곳에서 올라온 존재.,잿불 슬라임.,잿불 슬라임. 깊은 곳에서 올라온 존재.,잿불 슬라임. 깊은 곳에서 올라온 존재.
21468,잿불 슬라임. 깊은 곳에서 올라온 존재.,잿불 슬라임.,잿불 슬라임. 깊은 곳에서 올라온 존재.,잿불 슬라임. 깊은 곳에서 올라온 존재.
21472,잿불 잿빛 파수꾼. 깊은 곳에서 올라온 존재.,잿불 잿빛 파수꾼.,잿불 잿빛 파수꾼. 깊은 곳에서 올라온 존재.,잿불 잿빛 파수꾼. 깊은 곳에서 올라온 존재.
21473,잿불 잿빛 파수꾼. 깊은 곳에서 올라온 존재.,잿불 잿빛 파수꾼.,잿불 잿빛 파수꾼. 깊은 곳에서 올라온 존재.,잿불 잿빛 파수꾼. 깊은 곳에서 올라온 존재.
21474,잿불 잿빛 파수꾼. 깊은 곳에서 올라온 존재.,잿불 잿빛 파수꾼.,잿불 잿빛 파수꾼. 깊은 곳에서 올라온 존재.,잿불 잿빛 파수꾼. 깊은 곳에서 올라온 존재.
21475,잿불 슬라임. 깊은 곳에서 올라온 존재.,잿불 슬라임.,잿불 슬라임. 깊은 곳에서 올라온 존재.,잿불 슬라임. 깊은 곳에서 올라온 존재.
21476,잿불 크로우. 깊은 곳에서 올라온 존재.,잿불 크로우.,잿불 크로우. 깊은 곳에서 올라온 존재.,잿불 크로우. 깊은 곳에서 올라온 존재.
21480,잿불 심연의 거수. 깊은 곳에서 올라온 존재.,잿불 심연의 거수.,잿불 심연의 거수. 깊은 곳에서 올라온 존재.,잿불 심연의 거수. 깊은 곳에서 올라온 존재.
21481,잿불 심연의 거수. 깊은 곳에서 올라온 존재.,잿불 심연의 거수.,잿불 심연의 거수. 깊은 곳에서 올라온 존재.,잿불 심연의 거수. 깊은 곳에서 올라온 존재.
21482,잿불 심연의 거수. 깊은 곳에서 올라온 존재.,잿불 심연의 거수.,잿불 심연의 거수. 깊은 곳에서 올라온 존재.,잿불 심연의 거수. 깊은 곳에서 올라온 존재.
21483,잿불 크로우. 깊은 곳에서 올라온 존재.,잿불 크로우.,잿불 크로우. 깊은 곳에서 올라온 존재.,잿불 크로우. 깊은 곳에서 올라온 존재.
21484,잿불 정령. 깊은 곳에서 올라온 존재.,잿불 정령.,잿불 정령. 깊은 곳에서 올라온 존재.,잿불 정령. 깊은 곳에서 올라온 존재.
21488,서리 슬라임. 깊은 곳에서 올라온 존재.,서리 슬라임.,서리 슬라임. 깊은 곳에서 올라온 존재.,서리 슬라임. 깊은 곳에서 올라온 존재.
21489,서리 슬라임. 깊은 곳에서 올라온 존재.,서리 슬라임.,서리 슬라임. 깊은 곳에서 올라온 존재.,서리 슬라임. 깊은 곳에서 올라온 존재.
21490,서리 슬라임. 깊은 곳에서 올라온 존재.,서리 슬라임.,서리 슬라임. 깊은 곳에서 올라온 존재.,서리 슬라임. 깊은 곳에서 올라온 존재.
21491,서리 정령. 깊은 곳에서 올라온 존재.,서리 정령.,서리 정령. 깊은 곳에서 올라온 존재.,서리 정령. 깊은 곳에서 올라온 존재.
21492,서리 늑대. 깊은 곳에서 올라온 존재.,서리 늑대.,서리 늑대. 깊은 곳에서 올라온 존재.,서리 늑대. 깊은 곳에서 올라온 존재.
21496,서리 슬라임. 깊은 곳에서 올라온 존재.,서리 슬라임.,서리 슬라임. 깊은 곳에서 올라온 존재.,서리 슬라임. 깊은 곳에서 올라온 존재.
21497,서리 슬라임. 깊은 곳에서 올라온 존재.,서리 슬라임.,서리 슬라임. 깊은 곳에서 올라온 존재.,서리 슬라임. 깊은 곳에서 올라온 존재.
21498,서리 슬라임. 깊은 곳에서 올라온 존재.,서리 슬라임.,서리 슬라임. 깊은 곳에서 올라온 존재.,서리 슬라임. 깊은 곳에서 올라온 존재.
21499,서리 늑대. 깊은 곳에서 올라온 존재.,서리 늑대.,서리 늑대. 깊은 곳에서 올라온 존재.,서리 늑대. 깊은 곳에서 올라온 존재.
21500,서리 고블린 창병. 깊은 곳에서 올라온 존재.,서리 고블린 창병.,서리 고블린 창병. 깊은 곳에서 올라온 존재.,서리 고블린 창병. 깊은 곳에서 올라온 존재.
21504,서리 크로우. 깊은 곳에서 올라온 존재.,서리 크로우.,서리 크로우. 깊은 곳에서 올라온 존재.,서리 크로우. 깊은 곳에서 올라온 존재.
21505,서리 크로우. 깊은 곳에서 올라온 존재.,서리 크로우.,서리 크로우. 깊은 곳에서 올라온 존재.,서리 크로우. 깊은 곳에서 올라온 존재.
21506,서리 크로우. 깊은 곳에서 올라온 존재.,서리 크로우.,서리 크로우. 깊은 곳에서 올라온 존재.,서리 크로우. 깊은 곳에서 올라온 존재.
21507,서리 고블린 창병. 깊은 곳에서 올라온 존재.,서리 고블린 창병.,서리 고블린 창병. 깊은 곳에서 올라온 존재.,서리 고블린 창병. 깊은 곳에서 올라온 존재.
21508,서리 해골 전사. 깊은 곳에서 올라온 존재.,서리 해골 전사.,서리 해골 전사. 깊은 곳에서 올라온 존재.,서리 해골 전사. 깊은 곳에서 올라온 존재.
21512,서리 정령. 깊은 곳에서 올라온 존재.,서리 정령.,서리 정령. 깊은 곳에서 올라온 존재.,서리 정령. 깊은 곳에서 올라온 존재.
21513,서리 정령. 깊은 곳에서 올라온 존재.,서리 정령.,서리 정령. 깊은 곳에서 올라온 존재.,서리 정령. 깊은 곳에서 올라온 존재.
21514,서리 정령. 깊은 곳에서 올라온 존재.,서리 정령.,서리 정령. 깊은 곳에서 올라온 존재.,서리 정령. 깊은 곳에서 올라온 존재.
21515,서리 해골 전사. 깊은 곳에서 올라온 존재.,서리 해골 전사.,서리 해골 전사. 깊은 곳에서 올라온 존재.,서리 해골 전사. 깊은 곳에서 올라온 존재.
21516,서리 고블린 방패병. 깊은 곳에서 올라온 존재.,서리 고블린 방패병.,서리 고블린 방패병. 깊은 곳에서 올라온 존재.,서리 고블린 방패병. 깊은 곳에서 올라온 존재.
21520,서리 늑대. 깊은 곳에서 올라온 존재.,서리 늑대.,서리 늑대. 깊은 곳에서 올라온 존재.,서리 늑대. 깊은 곳에서 올라온 존재.
21521,서리 늑대. 깊은 곳에서 올라온 존재.,서리 늑대.,서리 늑대. 깊은 곳에서 올라온 존재.,서리 늑대. 깊은 곳에서 올라온 존재.
21522,서리 늑대. 깊은 곳에서 올라온 존재.,서리 늑대.,서리 늑대. 깊은 곳에서 올라온 존재.,서리 늑대. 깊은 곳에서 올라온 존재.
21523,서리 고블린 방패병. 깊은 곳에서 올라온 존재.,서리 고블린 방패병.,서리 고블린 방패병. 깊은 곳에서 올라온 존재.,서리 고블린 방패병. 깊은 곳에서 올라온 존재.
21524,서리 잿빛 파수꾼. 깊은 곳에서 올라온 존재.,서리 잿빛 파수꾼.,서리 잿빛 파수꾼. 깊은 곳에서 올라온 존재.,서리 잿빛 파수꾼. 깊은 곳에서 올라온 존재.
21528,서리 고블린 창병. 깊은 곳에서 올라온 존재.,서리 고블린 창병.,서리 고블린 창병. 깊은 곳에서 올라온 존재.,서리 고블린 창병. 깊은 곳에서 올라온 존재.
21529,서리 고블린 창병. 깊은 곳에서 올라온 존재.,서리 고블린 창병.,서리 고블린 창병. 깊은 곳에서 올라온 존재.,서리 고블린 창병. 깊은 곳에서 올라온 존재.
21530,서리 고블린 창병. 깊은 곳에서 올라온 존재.,서리 고블린 창병.,서리 고블린 창병. 깊은 곳에서 올라온 존재.,서리 고블린 창병. 깊은 곳에서 올라온 존재.
21531,서리 잿빛 파수꾼. 깊은 곳에서 올라온 존재.,서리 잿빛 파수꾼.,서리 잿빛 파수꾼. 깊은 곳에서 올라온 존재.,서리 잿빛 파수꾼. 깊은 곳에서 올라온 존재.
21532,서리 심연의 거수. 깊은 곳에서 올라온 존재.,서리 심연의 거수.,서리 심연의 거수. 깊은 곳에서 올라온 존재.,서리 심연의 거수. 깊은 곳에서 올라온 존재.
21536,서리 해골 전사. 깊은 곳에서 올라온 존재.,서리 해골 전사.,서리 해골 전사. 깊은 곳에서 올라온 존재.,서리 해골 전사. 깊은 곳에서 올라온 존재.
21537,서리 해골 전사. 깊은 곳에서 올라온 존재.,서리 해골 전사.,서리 해골 전사. 깊은 곳에서 올라온 존재.,서리 해골 전사. 깊은 곳에서 올라온 존재.
21538,서리 해골 전사. 깊은 곳에서 올라온 존재.,서리 해골 전사.,서리 해골 전사. 깊은 곳에서 올라온 존재.,서리 해골 전사. 깊은 곳에서 올라온 존재.
21539,서리 심연의 거수. 깊은 곳에서 올라온 존재.,서리 심연의 거수.,서리 심연의 거수. 깊은 곳에서 올라온 존재.,서리 심연의 거수. 깊은 곳에서 올라온 존재.
21540,서리 슬라임. 깊은 곳에서 올라온 존재.,서리 슬라임.,서리 슬라임. 깊은 곳에서 올라온 존재.,서리 슬라임. 깊은 곳에서 올라온 존재.
21544,서리 고블린 방패병. 깊은 곳에서 올라온 존재.,서리 고블린 방패병.,서리 고블린 방패병. 깊은 곳에서 올라온 존재.,서리 고블린 방패병. 깊은 곳에서 올라온 존재.
21545,서리 고블린 방패병. 깊은 곳에서 올라온 존재.,서리 고블린 방패병.,서리 고블린 방패병. 깊은 곳에서 올라온 존재.,서리 고블린 방패병. 깊은 곳에서 올라온 존재.
21546,서리 고블린 방패병. 깊은 곳에서 올라온 존재.,서리 고블린 방패병.,서리 고블린 방패병. 깊은 곳에서 올라온 존재.,서리 고블린 방패병. 깊은 곳에서 올라온 존재.
21547,서리 슬라임. 깊은 곳에서 올라온 존재.,서리 슬라임.,서리 슬라임. 깊은 곳에서 올라온 존재.,서리 슬라임. 깊은 곳에서 올라온 존재.
21548,서리 슬라임. 깊은 곳에서 올라온 존재.,서리 슬라임.,서리 슬라임. 깊은 곳에서 올라온 존재.,서리 슬라임. 깊은 곳에서 올라온 존재.
21552,서리 잿빛 파수꾼. 깊은 곳에서 올라온 존재.,서리 잿빛 파수꾼.,서리 잿빛 파수꾼. 깊은 곳에서 올라온 존재.,서리 잿빛 파수꾼. 깊은 곳에서 올라온 존재.
21553,서리 잿빛 파수꾼. 깊은 곳에서 올라온 존재.,서리 잿빛 파수꾼.,서리 잿빛 파수꾼. 깊은 곳에서 올라온 존재.,서리 잿빛 파수꾼. 깊은 곳에서 올라온 존재.
21554,서리 잿빛 파수꾼. 깊은 곳에서 올라온 존재.,서리 잿빛 파수꾼.,서리 잿빛 파수꾼. 깊은 곳에서 올라온 존재.,서리 잿빛 파수꾼. 깊은 곳에서 올라온 존재.
21555,서리 슬라임. 깊은 곳에서 올라온 존재.,서리 슬라임.,서리 슬라임. 깊은 곳에서 올라온 존재.,서리 슬라임. 깊은 곳에서 올라온 존재.
21556,서리 크로우. 깊은 곳에서 올라온 존재.,서리 크로우.,서리 크로우. 깊은 곳에서 올라온 존재.,서리 크로우. 깊은 곳에서 올라온 존재.
21560,서리 심연의 거수. 깊은 곳에서 올라온 존재.,서리 심연의 거수.,서리 심연의 거수. 깊은 곳에서 올라온 존재.,서리 심연의 거수. 깊은 곳에서 올라온 존재.
21561,서리 심연의 거수. 깊은 곳에서 올라온 존재.,서리 심연의 거수.,서리 심연의 거수. 깊은 곳에서 올라온 존재.,서리 심연의 거수. 깊은 곳에서 올라온 존재.
21562,서리 심연의 거수. 깊은 곳에서 올라온 존재.,서리 심연의 거수.,서리 심연의 거수. 깊은 곳에서 올라온 존재.,서리 심연의 거수. 깊은 곳에서 올라온 존재.
21563,서리 크로우. 깊은 곳에서 올라온 존재.,서리 크로우.,서리 크로우. 깊은 곳에서 올라온 존재.,서리 크로우. 깊은 곳에서 올라온 존재.
21564,서리 정령. 깊은 곳에서 올라온 존재.,서리 정령.,서리 정령. 깊은 곳에서 올라온 존재.,서리 정령. 깊은 곳에서 올라온 존재.
21568,서리 슬라임. 깊은 곳에서 올라온 존재.,서리 슬라임.,서리 슬라임. 깊은 곳에서 올라온 존재.,서리 슬라임. 깊은 곳에서 올라온 존재.
21569,서리 슬라임. 깊은 곳에서 올라온 존재.,서리 슬라임.,서리 슬라임. 깊은 곳에서 올라온 존재.,서리 슬라임. 깊은 곳에서 올라온 존재.
21570,서리 슬라임. 깊은 곳에서 올라온 존재.,서리 슬라임.,서리 슬라임. 깊은 곳에서 올라온 존재.,서리 슬라임. 깊은 곳에서 올라온 존재.
21571,서리 정령. 깊은 곳에서 올라온 존재.,서리 정령.,서리 정령. 깊은 곳에서 올라온 존재.,서리 정령. 깊은 곳에서 올라온 존재.
21572,서리 늑대. 깊은 곳에서 올라온 존재.,서리 늑대.,서리 늑대. 깊은 곳에서 올라온 존재.,서리 늑대. 깊은 곳에서 올라온 존재.
21576,서리 슬라임. 깊은 곳에서 올라온 존재.,서리 슬라임.,서리 슬라임. 깊은 곳에서 올라온 존재.,서리 슬라임. 깊은 곳에서 올라온 존재.
21577,서리 슬라임. 깊은 곳에서 올라온 존재.,서리 슬라임.,서리 슬라임. 깊은 곳에서 올라온 존재.,서리 슬라임. 깊은 곳에서 올라온 존재.
21578,서리 슬라임. 깊은 곳에서 올라온 존재.,서리 슬라임.,서리 슬라임. 깊은 곳에서 올라온 존재.,서리 슬라임. 깊은 곳에서 올라온 존재.
21579,서리 늑대. 깊은 곳에서 올라온 존재.,서리 늑대.,서리 늑대. 깊은 곳에서 올라온 존재.,서리 늑대. 깊은 곳에서 올라온 존재.
21580,서리 고블린 창병. 깊은 곳에서 올라온 존재.,서리 고블린 창병.,서리 고블린 창병. 깊은 곳에서 올라온 존재.,서리 고블린 창병. 깊은 곳에서 올라온 존재.
21584,서리 크로우. 깊은 곳에서 올라온 존재.,서리 크로우.,서리 크로우. 깊은 곳에서 올라온 존재.,서리 크로우. 깊은 곳에서 올라온 존재.
21585,서리 크로우. 깊은 곳에서 올라온 존재.,서리 크로우.,서리 크로우. 깊은 곳에서 올라온 존재.,서리 크로우. 깊은 곳에서 올라온 존재.
21586,서리 크로우. 깊은 곳에서 올라온 존재.,서리 크로우.,서리 크로우. 깊은 곳에서 올라온 존재.,서리 크로우. 깊은 곳에서 올라온 존재.
21587,서리 고블린 창병. 깊은 곳에서 올라온 존재.,서리 고블린 창병.,서리 고블린 창병. 깊은 곳에서 올라온 존재.,서리 고블린 창병. 깊은 곳에서 올라온 존재.
21588,서리 해골 전사. 깊은 곳에서 올라온 존재.,서리 해골 전사.,서리 해골 전사. 깊은 곳에서 올라온 존재.,서리 해골 전사. 깊은 곳에서 올라온 존재.
21592,서리 정령. 깊은 곳에서 올라온 존재.,서리 정령.,서리 정령. 깊은 곳에서 올라온 존재.,서리 정령. 깊은 곳에서 올라온 존재.
21593,서리 정령. 깊은 곳에서 올라온 존재.,서리 정령.,서리 정령. 깊은 곳에서 올라온 존재.,서리 정령. 깊은 곳에서 올라온 존재.
21594,서리 정령. 깊은 곳에서 올라온 존재.,서리 정령.,서리 정령. 깊은 곳에서 올라온 존재.,서리 정령. 깊은 곳에서 올라온 존재.
21595,서리 해골 전사. 깊은 곳에서 올라온 존재.,서리 해골 전사.,서리 해골 전사. 깊은 곳에서 올라온 존재.,서리 해골 전사. 깊은 곳에서 올라온 존재.
21596,서리 고블린 방패병. 깊은 곳에서 올라온 존재.,서리 고블린 방패병.,서리 고블린 방패병. 깊은 곳에서 올라온 존재.,서리 고블린 방패병. 깊은 곳에서 올라온 존재.
21600,서리 늑대. 깊은 곳에서 올라온 존재.,서리 늑대.,서리 늑대. 깊은 곳에서 올라온 존재.,서리 늑대. 깊은 곳에서 올라온 존재.
21601,서리 늑대. 깊은 곳에서 올라온 존재.,서리 늑대.,서리 늑대. 깊은 곳에서 올라온 존재.,서리 늑대. 깊은 곳에서 올라온 존재.
21602,서리 늑대. 깊은 곳에서 올라온 존재.,서리 늑대.,서리 늑대. 깊은 곳에서 올라온 존재.,서리 늑대. 깊은 곳에서 올라온 존재.
21603,서리 고블린 방패병. 깊은 곳에서 올라온 존재.,서리 고블린 방패병.,서리 고블린 방패병. 깊은 곳에서 올라온 존재.,서리 고블린 방패병. 깊은 곳에서 올라온 존재.
21604,서리 잿빛 파수꾼. 깊은 곳에서 올라온 존재.,서리 잿빛 파수꾼.,서리 잿빛 파수꾼. 깊은 곳에서 올라온 존재.,서리 잿빛 파수꾼. 깊은 곳에서 올라온 존재.
21608,서리 고블린 창병. 깊은 곳에서 올라온 존재.,서리 고블린 창병.,서리 고블린 창병. 깊은 곳에서 올라온 존재.,서리 고블린 창병. 깊은 곳에서 올라온 존재.
21609,서리 고블린 창병. 깊은 곳에서 올라온 존재.,서리 고블린 창병.,서리 고블린 창병. 깊은 곳에서 올라온 존재.,서리 고블린 창병. 깊은 곳에서 올라온 존재.
21610,서리 고블린 창병. 깊은 곳에서 올라온 존재.,서리 고블린 창병.,서리 고블린 창병. 깊은 곳에서 올라온 존재.,서리 고블린 창병. 깊은 곳에서 올라온 존재.
21611,서리 잿빛 파수꾼. 깊은 곳에서 올라온 존재.,서리 잿빛 파수꾼.,서리 잿빛 파수꾼. 깊은 곳에서 올라온 존재.,서리 잿빛 파수꾼. 깊은 곳에서 올라온 존재.
21612,서리 심연의 거수. 깊은 곳에서 올라온 존재.,서리 심연의 거수.,서리 심연의 거수. 깊은 곳에서 올라온 존재.,서리 심연의 거수. 깊은 곳에서 올라온 존재.
21616,서리 해골 전사. 깊은 곳에서 올라온 존재.,서리 해골 전사.,서리 해골 전사. 깊은 곳에서 올라온 존재.,서리 해골 전사. 깊은 곳에서 올라온 존재.
21617,서리 해골 전사. 깊은 곳에서 올라온 존재.,서리 해골 전사.,서리 해골 전사. 깊은 곳에서 올라온 존재.,서리 해골 전사. 깊은 곳에서 올라온 존재.
21618,서리 해골 전사. 깊은 곳에서 올라온 존재.,서리 해골 전사.,서리 해골 전사. 깊은 곳에서 올라온 존재.,서리 해골 전사. 깊은 곳에서 올라온 존재.
21619,서리 심연의 거수. 깊은 곳에서 올라온 존재.,서리 심연의 거수.,서리 심연의 거수. 깊은 곳에서 올라온 존재.,서리 심연의 거수. 깊은 곳에서 올라온 존재.
21620,서리 슬라임. 깊은 곳에서 올라온 존재.,서리 슬라임.,서리 슬라임. 깊은 곳에서 올라온 존재.,서리 슬라임. 깊은 곳에서 올라온 존재.
21624,서리 고블린 방패병. 깊은 곳에서 올라온 존재.,서리 고블린 방패병.,서리 고블린 방패병. 깊은 곳에서 올라온 존재.,서리 고블린 방패병. 깊은 곳에서 올라온 존재.
21625,서리 고블린 방패병. 깊은 곳에서 올라온 존재.,서리 고블린 방패병.,서리 고블린 방패병. 깊은 곳에서 올라온 존재.,서리 고블린 방패병. 깊은 곳에서 올라온 존재.
21626,서리 고블린 방패병. 깊은 곳에서 올라온 존재.,서리 고블린 방패병.,서리 고블린 방패병. 깊은 곳에서 올라온 존재.,서리 고블린 방패병. 깊은 곳에서 올라온 존재.
21627,서리 슬라임. 깊은 곳에서 올라온 존재.,서리 슬라임.,서리 슬라임. 깊은 곳에서 올라온 존재.,서리 슬라임. 깊은 곳에서 올라온 존재.
21628,서리 슬라임. 깊은 곳에서 올라온 존재.,서리 슬라임.,서리 슬라임. 깊은 곳에서 올라온 존재.,서리 슬라임. 깊은 곳에서 올라온 존재.
21632,서리 잿빛 파수꾼. 깊은 곳에서 올라온 존재.,서리 잿빛 파수꾼.,서리 잿빛 파수꾼. 깊은 곳에서 올라온 존재.,서리 잿빛 파수꾼. 깊은 곳에서 올라온 존재.
21633,서리 잿빛 파수꾼. 깊은 곳에서 올라온 존재.,서리 잿빛 파수꾼.,서리 잿빛 파수꾼. 깊은 곳에서 올라온 존재.,서리 잿빛 파수꾼. 깊은 곳에서 올라온 존재.
21634,서리 잿빛 파수꾼. 깊은 곳에서 올라온 존재.,서리 잿빛 파수꾼.,서리 잿빛 파수꾼. 깊은 곳에서 올라온 존재.,서리 잿빛 파수꾼. 깊은 곳에서 올라온 존재.
21635,서리 슬라임. 깊은 곳에서 올라온 존재.,서리 슬라임.,서리 슬라임. 깊은 곳에서 올라온 존재.,서리 슬라임. 깊은 곳에서 올라온 존재.
21636,서리 크로우. 깊은 곳에서 올라온 존재.,서리 크로우.,서리 크로우. 깊은 곳에서 올라온 존재.,서리 크로우. 깊은 곳에서 올라온 존재.
21640,서리 심연의 거수. 깊은 곳에서 올라온 존재.,서리 심연의 거수.,서리 심연의 거수. 깊은 곳에서 올라온 존재.,서리 심연의 거수. 깊은 곳에서 올라온 존재.
21641,서리 심연의 거수. 깊은 곳에서 올라온 존재.,서리 심연의 거수.,서리 심연의 거수. 깊은 곳에서 올라온 존재.,서리 심연의 거수. 깊은 곳에서 올라온 존재.
21642,서리 심연의 거수. 깊은 곳에서 올라온 존재.,서리 심연의 거수.,서리 심연의 거수. 깊은 곳에서 올라온 존재.,서리 심연의 거수. 깊은 곳에서 올라온 존재.
21643,서리 크로우. 깊은 곳에서 올라온 존재.,서리 크로우.,서리 크로우. 깊은 곳에서 올라온 존재.,서리 크로우. 깊은 곳에서 올라온 존재.
21644,서리 정령. 깊은 곳에서 올라온 존재.,서리 정령.,서리 정령. 깊은 곳에서 올라온 존재.,서리 정령. 깊은 곳에서 올라온 존재.
21648,심연 슬라임. 깊은 곳에서 올라온 존재.,심연 슬라임.,심연 슬라임. 깊은 곳에서 올라온 존재.,심연 슬라임. 깊은 곳에서 올라온 존재.
21649,심연 슬라임. 깊은 곳에서 올라온 존재.,심연 슬라임.,심연 슬라임. 깊은 곳에서 올라온 존재.,심연 슬라임. 깊은 곳에서 올라온 존재.
21650,심연 슬라임. 깊은 곳에서 올라온 존재.,심연 슬라임.,심연 슬라임. 깊은 곳에서 올라온 존재.,심연 슬라임. 깊은 곳에서 올라온 존재.
21651,심연 정령. 깊은 곳에서 올라온 존재.,심연 정령.,심연 정령. 깊은 곳에서 올라온 존재.,심연 정령. 깊은 곳에서 올라온 존재.
21652,심연 늑대. 깊은 곳에서 올라온 존재.,심연 늑대.,심연 늑대. 깊은 곳에서 올라온 존재.,심연 늑대. 깊은 곳에서 올라온 존재.
21656,심연 슬라임. 깊은 곳에서 올라온 존재.,심연 슬라임.,심연 슬라임. 깊은 곳에서 올라온 존재.,심연 슬라임. 깊은 곳에서 올라온 존재.
21657,심연 슬라임. 깊은 곳에서 올라온 존재.,심연 슬라임.,심연 슬라임. 깊은 곳에서 올라온 존재.,심연 슬라임. 깊은 곳에서 올라온 존재.
21658,심연 슬라임. 깊은 곳에서 올라온 존재.,심연 슬라임.,심연 슬라임. 깊은 곳에서 올라온 존재.,심연 슬라임. 깊은 곳에서 올라온 존재.
21659,심연 늑대. 깊은 곳에서 올라온 존재.,심연 늑대.,심연 늑대. 깊은 곳에서 올라온 존재.,심연 늑대. 깊은 곳에서 올라온 존재.
21660,심연 고블린 창병. 깊은 곳에서 올라온 존재.,심연 고블린 창병.,심연 고블린 창병. 깊은 곳에서 올라온 존재.,심연 고블린 창병. 깊은 곳에서 올라온 존재.
21664,심연 크로우. 깊은 곳에서 올라온 존재.,심연 크로우.,심연 크로우. 깊은 곳에서 올라온 존재.,심연 크로우. 깊은 곳에서 올라온 존재.
21665,심연 크로우. 깊은 곳에서 올라온 존재.,심연 크로우.,심연 크로우. 깊은 곳에서 올라온 존재.,심연 크로우. 깊은 곳에서 올라온 존재.
21666,심연 크로우. 깊은 곳에서 올라온 존재.,심연 크로우.,심연 크로우. 깊은 곳에서 올라온 존재.,심연 크로우. 깊은 곳에서 올라온 존재.
21667,심연 고블린 창병. 깊은 곳에서 올라온 존재.,심연 고블린 창병.,심연 고블린 창병. 깊은 곳에서 올라온 존재.,심연 고블린 창병. 깊은 곳에서 올라온 존재.
21668,심연 해골 전사. 깊은 곳에서 올라온 존재.,심연 해골 전사.,심연 해골 전사. 깊은 곳에서 올라온 존재.,심연 해골 전사. 깊은 곳에서 올라온 존재.
21672,심연 정령. 깊은 곳에서 올라온 존재.,심연 정령.,심연 정령. 깊은 곳에서 올라온 존재.,심연 정령. 깊은 곳에서 올라온 존재.
21673,심연 정령. 깊은 곳에서 올라온 존재.,심연 정령.,심연 정령. 깊은 곳에서 올라온 존재.,심연 정령. 깊은 곳에서 올라온 존재.
21674,심연 정령. 깊은 곳에서 올라온 존재.,심연 정령.,심연 정령. 깊은 곳에서 올라온 존재.,심연 정령. 깊은 곳에서 올라온 존재.
21675,심연 해골 전사. 깊은 곳에서 올라온 존재.,심연 해골 전사.,심연 해골 전사. 깊은 곳에서 올라온 존재.,심연 해골 전사. 깊은 곳에서 올라온 존재.
21676,심연 고블린 방패병. 깊은 곳에서 올라온 존재.,심연 고블린 방패병.,심연 고블린 방패병. 깊은 곳에서 올라온 존재.,심연 고블린 방패병. 깊은 곳에서 올라온 존재.
21680,심연 늑대. 깊은 곳에서 올라온 존재.,심연 늑대.,심연 늑대. 깊은 곳에서 올라온 존재.,심연 늑대. 깊은 곳에서 올라온 존재.
21681,심연 늑대. 깊은 곳에서 올라온 존재.,심연 늑대.,심연 늑대. 깊은 곳에서 올라온 존재.,심연 늑대. 깊은 곳에서 올라온 존재.
21682,심연 늑대. 깊은 곳에서 올라온 존재.,심연 늑대.,심연 늑대. 깊은 곳에서 올라온 존재.,심연 늑대. 깊은 곳에서 올라온 존재.
21683,심연 고블린 방패병. 깊은 곳에서 올라온 존재.,심연 고블린 방패병.,심연 고블린 방패병. 깊은 곳에서 올라온 존재.,심연 고블린 방패병. 깊은 곳에서 올라온 존재.
21684,심연 잿빛 파수꾼. 깊은 곳에서 올라온 존재.,심연 잿빛 파수꾼.,심연 잿빛 파수꾼. 깊은 곳에서 올라온 존재.,심연 잿빛 파수꾼. 깊은 곳에서 올라온 존재.
21688,심연 고블린 창병. 깊은 곳에서 올라온 존재.,심연 고블린 창병.,심연 고블린 창병. 깊은 곳에서 올라온 존재.,심연 고블린 창병. 깊은 곳에서 올라온 존재.
21689,심연 고블린 창병. 깊은 곳에서 올라온 존재.,심연 고블린 창병.,심연 고블린 창병. 깊은 곳에서 올라온 존재.,심연 고블린 창병. 깊은 곳에서 올라온 존재.
21690,심연 고블린 창병. 깊은 곳에서 올라온 존재.,심연 고블린 창병.,심연 고블린 창병. 깊은 곳에서 올라온 존재.,심연 고블린 창병. 깊은 곳에서 올라온 존재.
21691,심연 잿빛 파수꾼. 깊은 곳에서 올라온 존재.,심연 잿빛 파수꾼.,심연 잿빛 파수꾼. 깊은 곳에서 올라온 존재.,심연 잿빛 파수꾼. 깊은 곳에서 올라온 존재.
21692,심연 심연의 거수. 깊은 곳에서 올라온 존재.,심연 심연의 거수.,심연 심연의 거수. 깊은 곳에서 올라온 존재.,심연 심연의 거수. 깊은 곳에서 올라온 존재.
21696,심연 해골 전사. 깊은 곳에서 올라온 존재.,심연 해골 전사.,심연 해골 전사. 깊은 곳에서 올라온 존재.,심연 해골 전사. 깊은 곳에서 올라온 존재.
21697,심연 해골 전사. 깊은 곳에서 올라온 존재.,심연 해골 전사.,심연 해골 전사. 깊은 곳에서 올라온 존재.,심연 해골 전사. 깊은 곳에서 올라온 존재.
21698,심연 해골 전사. 깊은 곳에서 올라온 존재.,심연 해골 전사.,심연 해골 전사. 깊은 곳에서 올라온 존재.,심연 해골 전사. 깊은 곳에서 올라온 존재.
21699,심연 심연의 거수. 깊은 곳에서 올라온 존재.,심연 심연의 거수.,심연 심연의 거수. 깊은 곳에서 올라온 존재.,심연 심연의 거수. 깊은 곳에서 올라온 존재.
21700,심연 슬라임. 깊은 곳에서 올라온 존재.,심연 슬라임.,심연 슬라임. 깊은 곳에서 올라온 존재.,심연 슬라임. 깊은 곳에서 올라온 존재.
21704,심연 고블린 방패병. 깊은 곳에서 올라온 존재.,심연 고블린 방패병.,심연 고블린 방패병. 깊은 곳에서 올라온 존재.,심연 고블린 방패병. 깊은 곳에서 올라온 존재.
21705,심연 고블린 방패병. 깊은 곳에서 올라온 존재.,심연 고블린 방패병.,심연 고블린 방패병. 깊은 곳에서 올라온 존재.,심연 고블린 방패병. 깊은 곳에서 올라온 존재.
21706,심연 고블린 방패병. 깊은 곳에서 올라온 존재.,심연 고블린 방패병.,심연 고블린 방패병. 깊은 곳에서 올라온 존재.,심연 고블린 방패병. 깊은 곳에서 올라온 존재.
21707,심연 슬라임. 깊은 곳에서 올라온 존재.,심연 슬라임.,심연 슬라임. 깊은 곳에서 올라온 존재.,심연 슬라임. 깊은 곳에서 올라온 존재.
21708,심연 슬라임. 깊은 곳에서 올라온 존재.,심연 슬라임.,심연 슬라임. 깊은 곳에서 올라온 존재.,심연 슬라임. 깊은 곳에서 올라온 존재.
21712,심연 잿빛 파수꾼. 깊은 곳에서 올라온 존재.,심연 잿빛 파수꾼.,심연 잿빛 파수꾼. 깊은 곳에서 올라온 존재.,심연 잿빛 파수꾼. 깊은 곳에서 올라온 존재.
21713,심연 잿빛 파수꾼. 깊은 곳에서 올라온 존재.,심연 잿빛 파수꾼.,심연 잿빛 파수꾼. 깊은 곳에서 올라온 존재.,심연 잿빛 파수꾼. 깊은 곳에서 올라온 존재.
21714,심연 잿빛 파수꾼. 깊은 곳에서 올라온 존재.,심연 잿빛 파수꾼.,심연 잿빛 파수꾼. 깊은 곳에서 올라온 존재.,심연 잿빛 파수꾼. 깊은 곳에서 올라온 존재.
21715,심연 슬라임. 깊은 곳에서 올라온 존재.,심연 슬라임.,심연 슬라임. 깊은 곳에서 올라온 존재.,심연 슬라임. 깊은 곳에서 올라온 존재.
21716,심연 크로우. 깊은 곳에서 올라온 존재.,심연 크로우.,심연 크로우. 깊은 곳에서 올라온 존재.,심연 크로우. 깊은 곳에서 올라온 존재.
21720,심연 심연의 거수. 깊은 곳에서 올라온 존재.,심연 심연의 거수.,심연 심연의 거수. 깊은 곳에서 올라온 존재.,심연 심연의 거수. 깊은 곳에서 올라온 존재.
21721,심연 심연의 거수. 깊은 곳에서 올라온 존재.,심연 심연의 거수.,심연 심연의 거수. 깊은 곳에서 올라온 존재.,심연 심연의 거수. 깊은 곳에서 올라온 존재.
21722,심연 심연의 거수. 깊은 곳에서 올라온 존재.,심연 심연의 거수.,심연 심연의 거수. 깊은 곳에서 올라온 존재.,심연 심연의 거수. 깊은 곳에서 올라온 존재.
21723,심연 크로우. 깊은 곳에서 올라온 존재.,심연 크로우.,심연 크로우. 깊은 곳에서 올라온 존재.,심연 크로우. 깊은 곳에서 올라온 존재.
21724,심연 정령. 깊은 곳에서 올라온 존재.,심연 정령.,심연 정령. 깊은 곳에서 올라온 존재.,심연 정령. 깊은 곳에서 올라온 존재.
21728,심연 슬라임. 깊은 곳에서 올라온 존재.,심연 슬라임.,심연 슬라임. 깊은 곳에서 올라온 존재.,심연 슬라임. 깊은 곳에서 올라온 존재.
21729,심연 슬라임. 깊은 곳에서 올라온 존재.,심연 슬라임.,심연 슬라임. 깊은 곳에서 올라온 존재.,심연 슬라임. 깊은 곳에서 올라온 존재.
21730,심연 슬라임. 깊은 곳에서 올라온 존재.,심연 슬라임.,심연 슬라임. 깊은 곳에서 올라온 존재.,심연 슬라임. 깊은 곳에서 올라온 존재.
21731,심연 정령. 깊은 곳에서 올라온 존재.,심연 정령.,심연 정령. 깊은 곳에서 올라온 존재.,심연 정령. 깊은 곳에서 올라온 존재.
21732,심연 늑대. 깊은 곳에서 올라온 존재.,심연 늑대.,심연 늑대. 깊은 곳에서 올라온 존재.,심연 늑대. 깊은 곳에서 올라온 존재.
21736,심연 슬라임. 깊은 곳에서 올라온 존재.,심연 슬라임.,심연 슬라임. 깊은 곳에서 올라온 존재.,심연 슬라임. 깊은 곳에서 올라온 존재.
21737,심연 슬라임. 깊은 곳에서 올라온 존재.,심연 슬라임.,심연 슬라임. 깊은 곳에서 올라온 존재.,심연 슬라임. 깊은 곳에서 올라온 존재.
21738,심연 슬라임. 깊은 곳에서 올라온 존재.,심연 슬라임.,심연 슬라임. 깊은 곳에서 올라온 존재.,심연 슬라임. 깊은 곳에서 올라온 존재.
21739,심연 늑대. 깊은 곳에서 올라온 존재.,심연 늑대.,심연 늑대. 깊은 곳에서 올라온 존재.,심연 늑대. 깊은 곳에서 올라온 존재.
21740,심연 고블린 창병. 깊은 곳에서 올라온 존재.,심연 고블린 창병.,심연 고블린 창병. 깊은 곳에서 올라온 존재.,심연 고블린 창병. 깊은 곳에서 올라온 존재.
21744,심연 크로우. 깊은 곳에서 올라온 존재.,심연 크로우.,심연 크로우. 깊은 곳에서 올라온 존재.,심연 크로우. 깊은 곳에서 올라온 존재.
21745,심연 크로우. 깊은 곳에서 올라온 존재.,심연 크로우.,심연 크로우. 깊은 곳에서 올라온 존재.,심연 크로우. 깊은 곳에서 올라온 존재.
21746,심연 크로우. 깊은 곳에서 올라온 존재.,심연 크로우.,심연 크로우. 깊은 곳에서 올라온 존재.,심연 크로우. 깊은 곳에서 올라온 존재.
21747,심연 고블린 창병. 깊은 곳에서 올라온 존재.,심연 고블린 창병.,심연 고블린 창병. 깊은 곳에서 올라온 존재.,심연 고블린 창병. 깊은 곳에서 올라온 존재.
21748,심연 해골 전사. 깊은 곳에서 올라온 존재.,심연 해골 전사.,심연 해골 전사. 깊은 곳에서 올라온 존재.,심연 해골 전사. 깊은 곳에서 올라온 존재.
21752,심연 정령. 깊은 곳에서 올라온 존재.,심연 정령.,심연 정령. 깊은 곳에서 올라온 존재.,심연 정령. 깊은 곳에서 올라온 존재.
21753,심연 정령. 깊은 곳에서 올라온 존재.,심연 정령.,심연 정령. 깊은 곳에서 올라온 존재.,심연 정령. 깊은 곳에서 올라온 존재.
21754,심연 정령. 깊은 곳에서 올라온 존재.,심연 정령.,심연 정령. 깊은 곳에서 올라온 존재.,심연 정령. 깊은 곳에서 올라온 존재.
21755,심연 해골 전사. 깊은 곳에서 올라온 존재.,심연 해골 전사.,심연 해골 전사. 깊은 곳에서 올라온 존재.,심연 해골 전사. 깊은 곳에서 올라온 존재.
21756,심연 고블린 방패병. 깊은 곳에서 올라온 존재.,심연 고블린 방패병.,심연 고블린 방패병. 깊은 곳에서 올라온 존재.,심연 고블린 방패병. 깊은 곳에서 올라온 존재.
21760,심연 늑대. 깊은 곳에서 올라온 존재.,심연 늑대.,심연 늑대. 깊은 곳에서 올라온 존재.,심연 늑대. 깊은 곳에서 올라온 존재.
21761,심연 늑대. 깊은 곳에서 올라온 존재.,심연 늑대.,심연 늑대. 깊은 곳에서 올라온 존재.,심연 늑대. 깊은 곳에서 올라온 존재.
21762,심연 늑대. 깊은 곳에서 올라온 존재.,심연 늑대.,심연 늑대. 깊은 곳에서 올라온 존재.,심연 늑대. 깊은 곳에서 올라온 존재.
21763,심연 고블린 방패병. 깊은 곳에서 올라온 존재.,심연 고블린 방패병.,심연 고블린 방패병. 깊은 곳에서 올라온 존재.,심연 고블린 방패병. 깊은 곳에서 올라온 존재.
21764,심연 잿빛 파수꾼. 깊은 곳에서 올라온 존재.,심연 잿빛 파수꾼.,심연 잿빛 파수꾼. 깊은 곳에서 올라온 존재.,심연 잿빛 파수꾼. 깊은 곳에서 올라온 존재.
21768,심연 고블린 창병. 깊은 곳에서 올라온 존재.,심연 고블린 창병.,심연 고블린 창병. 깊은 곳에서 올라온 존재.,심연 고블린 창병. 깊은 곳에서 올라온 존재.
21769,심연 고블린 창병. 깊은 곳에서 올라온 존재.,심연 고블린 창병.,심연 고블린 창병. 깊은 곳에서 올라온 존재.,심연 고블린 창병. 깊은 곳에서 올라온 존재.
21770,심연 고블린 창병. 깊은 곳에서 올라온 존재.,심연 고블린 창병.,심연 고블린 창병. 깊은 곳에서 올라온 존재.,심연 고블린 창병. 깊은 곳에서 올라온 존재.
21771,심연 잿빛 파수꾼. 깊은 곳에서 올라온 존재.,심연 잿빛 파수꾼.,심연 잿빛 파수꾼. 깊은 곳에서 올라온 존재.,심연 잿빛 파수꾼. 깊은 곳에서 올라온 존재.
21772,심연 심연의 거수. 깊은 곳에서 올라온 존재.,심연 심연의 거수.,심연 심연의 거수. 깊은 곳에서 올라온 존재.,심연 심연의 거수. 깊은 곳에서 올라온 존재.
21776,심연 해골 전사. 깊은 곳에서 올라온 존재.,심연 해골 전사.,심연 해골 전사. 깊은 곳에서 올라온 존재.,심연 해골 전사. 깊은 곳에서 올라온 존재.
21777,심연 해골 전사. 깊은 곳에서 올라온 존재.,심연 해골 전사.,심연 해골 전사. 깊은 곳에서 올라온 존재.,심연 해골 전사. 깊은 곳에서 올라온 존재.
21778,심연 해골 전사. 깊은 곳에서 올라온 존재.,심연 해골 전사.,심연 해골 전사. 깊은 곳에서 올라온 존재.,심연 해골 전사. 깊은 곳에서 올라온 존재.
21779,심연 심연의 거수. 깊은 곳에서 올라온 존재.,심연 심연의 거수.,심연 심연의 거수. 깊은 곳에서 올라온 존재.,심연 심연의 거수. 깊은 곳에서 올라온 존재.
21780,심연 슬라임. 깊은 곳에서 올라온 존재.,심연 슬라임.,심연 슬라임. 깊은 곳에서 올라온 존재.,심연 슬라임. 깊은 곳에서 올라온 존재.
21784,심연 고블린 방패병. 깊은 곳에서 올라온 존재.,심연 고블린 방패병.,심연 고블린 방패병. 깊은 곳에서 올라온 존재.,심연 고블린 방패병. 깊은 곳에서 올라온 존재.
21785,심연 고블린 방패병. 깊은 곳에서 올라온 존재.,심연 고블린 방패병.,심연 고블린 방패병. 깊은 곳에서 올라온 존재.,심연 고블린 방패병. 깊은 곳에서 올라온 존재.
21786,심연 고블린 방패병. 깊은 곳에서 올라온 존재.,심연 고블린 방패병.,심연 고블린 방패병. 깊은 곳에서 올라온 존재.,심연 고블린 방패병. 깊은 곳에서 올라온 존재.
21787,심연 슬라임. 깊은 곳에서 올라온 존재.,심연 슬라임.,심연 슬라임. 깊은 곳에서 올라온 존재.,심연 슬라임. 깊은 곳에서 올라온 존재.
21788,심연 슬라임. 깊은 곳에서 올라온 존재.,심연 슬라임.,심연 슬라임. 깊은 곳에서 올라온 존재.,심연 슬라임. 깊은 곳에서 올라온 존재.
21792,심연 잿빛 파수꾼. 깊은 곳에서 올라온 존재.,심연 잿빛 파수꾼.,심연 잿빛 파수꾼. 깊은 곳에서 올라온 존재.,심연 잿빛 파수꾼. 깊은 곳에서 올라온 존재.
21793,심연 잿빛 파수꾼. 깊은 곳에서 올라온 존재.,심연 잿빛 파수꾼.,심연 잿빛 파수꾼. 깊은 곳에서 올라온 존재.,심연 잿빛 파수꾼. 깊은 곳에서 올라온 존재.
21794,심연 잿빛 파수꾼. 깊은 곳에서 올라온 존재.,심연 잿빛 파수꾼.,심연 잿빛 파수꾼. 깊은 곳에서 올라온 존재.,심연 잿빛 파수꾼. 깊은 곳에서 올라온 존재.
21795,심연 슬라임. 깊은 곳에서 올라온 존재.,심연 슬라임.,심연 슬라임. 깊은 곳에서 올라온 존재.,심연 슬라임. 깊은 곳에서 올라온 존재.
21796,심연 크로우. 깊은 곳에서 올라온 존재.,심연 크로우.,심연 크로우. 깊은 곳에서 올라온 존재.,심연 크로우. 깊은 곳에서 올라온 존재.
21800,심연 심연의 거수. 깊은 곳에서 올라온 존재.,심연 심연의 거수.,심연 심연의 거수. 깊은 곳에서 올라온 존재.,심연 심연의 거수. 깊은 곳에서 올라온 존재.
21801,심연 심연의 거수. 깊은 곳에서 올라온 존재.,심연 심연의 거수.,심연 심연의 거수. 깊은 곳에서 올라온 존재.,심연 심연의 거수. 깊은 곳에서 올라온 존재.
21802,심연 심연의 거수. 깊은 곳에서 올라온 존재.,심연 심연의 거수.,심연 심연의 거수. 깊은 곳에서 올라온 존재.,심연 심연의 거수. 깊은 곳에서 올라온 존재.
21803,심연 크로우. 깊은 곳에서 올라온 존재.,심연 크로우.,심연 크로우. 깊은 곳에서 올라온 존재.,심연 크로우. 깊은 곳에서 올라온 존재.
21804,심연 정령. 깊은 곳에서 올라온 존재.,심연 정령.,심연 정령. 깊은 곳에서 올라온 존재.,심연 정령. 깊은 곳에서 올라온 존재.
30000,비스트,Beast,,
30001,매지션,Magician,,
30002,가디언,Guardian,,
30003,언데드,Undead,,
30004,워리어,Warrior,,
30005,자이언트,Giant,,
30006,어쌔신,Assassin,,
30007,아머,Armor,,
30008,야수와 같은 특성,Beast-like traits,,
30009,마법과 같은 특성,Magic-like traits,,
30010,수호자 같은 특성,Guardian-like traits,,
30011,불사와 같은 특성,Immortal-like traits,,
30012,전사와 같은 특성,Warrior-like traits,,
30013,거인과 같은 특성,Giant-like traits,,
30014,암살자 같은 특성,Assassin-like traits,,
30015,철벽과 같은 특성,Iron Wall-like traits,,
100011,뭐야?!,What?!,,
100012,넌 뭐야?,What are you?,,
100013,말하는 검이라니..\n너 마물이냐?,A talking sword...\nAre you a monster?,,
100014,뭐? 마물 따위랑 비교하지마!\n너 평범한 모험가로 보이는데..\n에고소드라고 들어봤어?,What? Don`t compare me to monsters!\nYou look like an ordinary adventurer...\nHave you heard of an Ego Sword?,,
100015,에고..소드?!\n자아가 있는 검이라고 들어본적이..\n너! 설마 마검이야?,Ego... Sword?!\nHave you ever heard of a sword with a sense of self...\nYou! Are you a demon sword?,,
100016,이제야 알아보는군\n이몸은 에고소드\n너희가 말하는 마검이다!,Now you see\nThis body is an Ego Sword\nThe demon sword you`re talking about!,,
100017,....\n그래 알았어,"""....\nOkay"," I get it.""",
100018,자.. 잠깐!\n그냥 가려는거야?!,Wait a minute!\nYou`re just going to leave?!,,
100019,내가 비록 허접 모험가라도\n마력이 느껴지지 않는 마검?\n그 말을 믿으라는거야?,"""Even though I`m a sloppy adventurer","\nA magic sword that doesn`t feel magic?\nYou want me to believe that?""",
100020,지금 내 모습을 봐라!\n방치된 게 언제였는지 기억도 나질 않아..\n그리고 망할 마물들이 내 마력을 갉아버렸다고!,Look at me right now!\nI can`t even remember when I was abandoned..\nAnd those damn monsters ate away my magic!,,
100021,( 마을 주변에 마물들이 늘어난게.. 그 이유인가? ),(Is that why there are more monsters around the village?),,
100022,허접 모험가? 듣고 있는거야?,Sloppy adventurer? Are you listening?,,
100023,그래 꽤나 재미있는 이야기였어\n하지만 나는 바쁜 몸이야\n마력 없는 마검은 짐만 될 뿐이라고,Yeah^ that was a pretty interesting story\nBut I`m busy\nA magic sword without magic is just a burden.,,
100024,흥! 아직도 못믿는 눈치군\n그럼 더 재미있는 이야기를 해주지!\n마검은 계약을 맺어야 힘을 발휘할 수 있어,Huh! You still don`t believe me\nThen let me tell you a more interesting story!\nA magic sword can only be effective if you make a contract.,,
100025,계약?!,A contract?!,,
100026,그렇다. 모험가.. 나를 만난건 행운이야\n나와 계약하자! 강력한 힘을 약속하지!\n그리고 나도 이제 이곳은 지긋지긋해,Yes. Adventurer.. It`s lucky to meet me.\nMake a contract with me! I promise great power!\nAnd I`m sick of this place now.,,
100027,내가 갈 곳은 폐허가된 마을이야\n미지의 탑이 그곳에 저주를 내렸어\n사실 호기심이였지만 지금은..돌이킬 수 없겠는걸?,"""The place I`m going to is a ruined village.\nAn unknown tower has put a curse on it.\nI was curious"," but now..there`s no turning back?""",
100028,크하핫! 마물이 득실 거리는 탑이라니?\n당장 가자!,Hahaha! A tower full of monsters?\nLet`s go right now!,,
100029,슬라임이 3마리로 늘어났어!,The slimes have increased to 3!,,
100030,젠장.. 체력이 버텨기 힘든데,Damn... I can`t hold out,,
100031,침착해! 방법이 있을꺼야,Calm down! There must be a way.,,
900000,평범한 오후..\n길드 게시판 앞,An ordinary afternoon..\nIn front of the guild bulletin board,,
900001,소란스러운 내부와 다르게 조용히 의뢰 게시판을 살펴보고있는 모험가..\n그에게 오래된 퀘스트 하나가 눈에 들어왔다.,Unlike the noisy interior^ an adventurer quietly looked at the request bulletin board..\nAn old quest caught his eye.,,
900002,흠...\n[ 가브 마을에 떨어진 타워 조사 의뢰 ],Hmm...\n[Request to investigate the tower that fell in Gabu Village],,
900003,소문에 의하면.. 하늘에서 거대한 타워가 떨어졌고\n이후 많은 모험가들이 찾아갔으나 밝혀진 게 없음.,According to rumors.. a huge tower fell from the sky\nAfter that^ many adventurers went to find it^ but nothing was revealed.,,
900004,지금은 마물이 들끓는 저주받은 마을로 취급.\n왕국에서 타워에 비밀을 찾아오는 자에게 하사품을 지급한다.,It is now treated as a cursed village overrun by monsters.\nThe kingdom gives a gift to those who find the secrets of the tower.,,
900005,..... 찌익\n마음을 굳힌 듯 외뢰서를 품에 넣은 모험가는 문을 나섰다.,..... Squeak\nThe adventurer^ who seemed to have made up his mind^ put the request in his bosom and went out the door.,,
900006,큭.. 마물냄새가\n전투를 피할 순 없겠어,Huh.. The smell of monsters\nI can`t avoid battle,,
